product_group,goc,pol_num,pre_ann,sum_assur,total_fund
UEATSB_IDR,UEATSB_AZID_AG_IDR_SH_2015_IF,23,197648000,1500000000,798462549
UEATSB_IDR,UEATSB_AZID_AG_IDR_SH_2016_IF,13,112706000,1315000000,693618831
UEATSB_IDR,UEATSB_AZID_AG_IDR_SH_2018_IF,13,87598200,843000000,307490757
UEATSB_IDR,UEATSB_AZID_AG_IDR_SH_2019_IF,6,158726400,708000000,310283852
UEATSB_IDR,UEATSB_EAGLE_AG_IDR_SH_2015_IF,4,145206000,1650000000,1248406551
UEATSB_IDR,UEATSB_EAGLE_AG_IDR_SH_2016_IF,16,158728000,1141000000,738009241
UEATSB_IDR,UEATSB_EAGLE_AG_IDR_SH_2017_IF,7,112518000,590000000,223019701
UEATSB_IDR,UEATSB_EAGLE_AG_IDR_SH_2018_IF,14,122308000,760000000,333991037
UEATSB_IDR,UEATSB_EAGLE_AG_IDR_SH_2019_IF,8,82680000,455000000,203461422
UEATSB_IDR,UEATSB_EAGLE_AG_IDR_SH_2020_IF,4,26520000,200000000,74838002
UEATSB_IDR,UEATSB_SPRING_AG_IDR_SH_2015_IF,18,152713800,1035000000,596230674
UEATSB_IDR,UEATSB_SPRING_AG_IDR_SH_2017_IF,1,5220000,50000000,34693192
UEATSB_IDR,UEATSB_SPRING_AG_IDR_SH_2018_IF,1,15014400,68000000,27890137
UEATSB_IDR,UEATSB_SPRING_AG_IDR_SH_2019_IF,1,22800000,100000000,41790101
UEATSBA_IDR,UEATSBA_AZID_AG_IDR_SH_2020_IF,2,80592000,365000000,277628227
UEATSBA_IDR,UEATSBA_AZID_AG_IDR_SH_2021_IF,3,43542000,255000000,95669031
UEATSBA_IDR,UEATSBA_AZID_AG_IDR_SH_2022_IF,6,71798400,522000000,89250715
UEATSBA_IDR,UEATSBA_AZID_AG_IDR_SH_2023_IF,15,404191200,2888000000,270200416
UEATSBA_IDR,UEATSBA_AZID_AG_IDR_SH_2024_IF,76,1986088600,12120000000,401750089
UEATSBA_IDR,UEATSBA_AZID_AG_IDR_SH_2025_Q1,19,369944000,2730000000,80674903
UEATSBA_IDR,UEATSBA_EAGLE_AG_IDR_SH_2020_IF,5,97930800,535000000,334639437
UEATSBA_IDR,UEATSBA_EAGLE_AG_IDR_SH_2021_IF,12,188446800,1365000000,524864429
UEATSBA_IDR,UEATSBA_EAGLE_AG_IDR_SH_2022_IF,8,222989600,1035000000,344824285
UEATSBA_IDR,UEATSBA_EAGLE_AG_IDR_SH_2023_IF,374,14866570000,89677000000,9271097955
UEATSBA_IDR,UEATSBA_EAGLE_AG_IDR_SH_2024_IF,897,22012565080,137714000000,5808935198
UEATSBA_IDR,UEATSBA_EAGLE_AG_IDR_SH_2025_Q1,225,4668658400,30650000000,520485165
UEATSBA_IDR,UEATSBA_SPRING_AG_IDR_SH_2020_IF,2,12384000,120000000,32145748
UEATSBA_IDR,UEATSBA_SPRING_AG_IDR_SH_2021_IF,2,19770000,115000000,44993178
UEATSBA_IDR,UEATSBA_SPRING_AG_IDR_SH_2022_IF,6,60251200,337000000,99656059
UEATSBA_IDR,UEATSBA_SPRING_AG_IDR_SH_2023_IF,41,1212228800,6731000000,864866720
UEATSBA_IDR,UEATSBA_SPRING_AG_IDR_SH_2024_IF,123,3002620600,20146000000,930634210
UEATSBA_IDR,UEATSBA_SPRING_AG_IDR_SH_2025_Q1,30,674054400,3462000000,55619088
ULAALM_IDR,ULAALM_BCI_NK_IDR_UL_2021_IF,4,200000000,300000000,307278294.353371
ULAALM_IDR,ULAALM_BCI_NK_IDR_UL_2022_IF,24,1200000000,1800000000,5566021885.507974
ULAALM_IDR,ULAALM_BCI_NK_IDR_UL_2023_IF,1,50000000,75000000,115409003.937569
ULAALM_USD,ULAALM_BCI_NK_USD_UL_2021_IF,5,25000,37500,111492.29292932
ULAALM_USD,ULAALM_BCI_NK_USD_UL_2022_IF,10,50000,75000,303891.16089122
ULAALM_USD,ULAALM_BCI_NK_USD_UL_2023_IF,1,5000,7500,33507.38448274
ULAALM_IDR,ULAALM_HANA_NK_IDR_UL_2021_IF,14,760000000,1140000000,1280166047.807602
ULAALM_IDR,ULAALM_HANA_NK_IDR_UL_2022_IF,16,850000000,1275000000,2267785451.873207
ULAALM_USD,ULAALM_HANA_NK_USD_UL_2021_IF,27,140000,210000,228599.69992788120952
ULAALM_USD,ULAALM_HANA_NK_USD_UL_2022_IF,3,15000,22500,16303.51798766
ULAALM_IDR,ULAALM_VICTORIA_NK_IDR_UL_2022_IF,2,100000000,150000000,292950452.430609
ULAALM_USD,ULAALM_VICTORIA_NK_USD_UL_2022_IF,4,20000,30000,63119.7535984
ULAAOP_IDR,ULAAOP_BCI_NK_IDR_UL_2023_IF,3,150000000,300000000,638616298.533538
ULAAOP_IDR,ULAAOP_BCI_NK_IDR_UL_2024_IF,9,450000000,900000000,2503604678.258198
ULAAOP_IDR,ULAAOP_BCI_NK_IDR_UL_2025_Q1,4,250000000,500000000,547044716.345546
ULAAOP_USD,ULAAOP_BCI_NK_USD_UL_2024_IF,2,36000,72000,163490.8585068
ULAAOP_IDR,ULAAOP_NISP_NK_IDR_UL_2023_IF,81,4650000000,9300000000,25431687594.527504
ULAAOP_IDR,ULAAOP_NISP_NK_IDR_UL_2024_IF,63,3220000000,6440000000,25395178001.006397
ULAAOP_IDR,ULAAOP_NISP_NK_IDR_UL_2025_Q1,9,450000000,900000000,2235187710.202053
ULAAOP_USD,ULAAOP_NISP_NK_USD_UL_2023_IF,19,366000,732000,2601507.51107782
ULAAOP_USD,ULAAOP_NISP_NK_USD_UL_2024_IF,43,786000,1572000,1981547.77509708
ULAAOP_USD,ULAAOP_NISP_NK_USD_UL_2025_Q1,8,144000,288000,469726.13013907
ULAAOP_IDR,ULAAOP_QNB_NK_IDR_UL_2023_IF,23,1800000000,3600000000,6542260696.99549
ULAAOP_IDR,ULAAOP_QNB_NK_IDR_UL_2024_IF,1,50000000,100000000,55908836
ULAAOP_USD,ULAAOP_QNB_NK_USD_UL_2025_Q1,2,36000,72000,36100
ULABA__IDR,ULABA__AZID_AG_IDR_SH_2014_IF,390,630168000,20621800000,4369224347.846755
ULABA__IDR,ULABA__SPRING_AG_IDR_SH_2014_IF,12,27000000,1040000000,65257770.79041
ULAI___IDR,ULAI___AZID_AG_IDR_SH_2014_IF,62,2243000000,3737250000,1757226965.525433
ULAI___IDR,ULAI___SPRING_AG_IDR_SH_2014_IF,1,15000000,18750000,110092200.613975
ULAMAP_IDR,ULAMAP_SPRING_AG_IDR_SH_2014_IF,7,224000000,344500000,88506434.068287
ULAMF2_IDR,ULAMF2_AZID_AG_IDR_SH_2016_IF,1,20000000,50000000,1410592
ULAMF2_IDR,ULAMF2_AZID_AG_IDR_SH_2017_IF,2,87000000,108750000,71402066.359835
ULAMF2_IDR,ULAMF2_AZID_AG_IDR_SH_2018_IF,12,375850000,651250000,174438193.613461
ULAMF2_IDR,ULAMF2_AZID_AG_IDR_SH_2019_IF,20,777000000,1297500000,473858948.903955
ULAMF2_IDR,ULAMF2_AZID_AG_IDR_SH_2020_IF,9,1165000000,1493750000,365203140
ULAMF2_IDR,ULAMF2_EAGLE_AG_IDR_SH_2016_IF,3,95000000,220000000,26078300
ULAMF2_IDR,ULAMF2_EAGLE_AG_IDR_SH_2017_IF,9,709275000,1458250000,86052595
ULAMF2_IDR,ULAMF2_EAGLE_AG_IDR_SH_2018_IF,13,667000000,1420000000,401108931
ULAMF2_IDR,ULAMF2_EAGLE_AG_IDR_SH_2019_IF,5,174000000,424500000,144884660
ULAMF2_IDR,ULAMF2_EAGLE_AG_IDR_SH_2020_IF,5,85000000,106250000,82694341
ULAMF2_IDR,ULAMF2_SPRING_AG_IDR_SH_2015_IF,1,12000000,15000000,9285636.28079
ULAMF2_IDR,ULAMF2_SPRING_AG_IDR_SH_2017_IF,5,216000000,357500000,114081408.097783
ULAMF2_IDR,ULAMF2_SPRING_AG_IDR_SH_2018_IF,3,325000000,406250000,332156783
ULAMF2_IDR,ULAMF2_SPRING_AG_IDR_SH_2019_IF,4,54000000,80000000,31203053
ULAMF2_IDR,ULAMF2_SPRING_AG_IDR_SH_2020_IF,1,50000000,62500000,56554886
ULAMF2A_IDR,ULAMF2A_AZID_AG_IDR_SH_2020_IF,4,130000000,325000000,37027021
ULAMF2A_IDR,ULAMF2A_AZID_AG_IDR_SH_2021_IF,8,150000000,227500000,119797353
ULAMF2A_IDR,ULAMF2A_AZID_AG_IDR_SH_2022_IF,10,195000000,380000000,163582588
ULAMF2A_IDR,ULAMF2A_AZID_AG_IDR_SH_2023_IF,4,57000000,90000000,49540069
ULAMF2A_IDR,ULAMF2A_EAGLE_AG_IDR_SH_2020_IF,1,12000000,15000000,12498499
ULAMF2A_IDR,ULAMF2A_EAGLE_AG_IDR_SH_2021_IF,9,495000000,725000000,245364749.414408
ULAMF2A_IDR,ULAMF2A_EAGLE_AG_IDR_SH_2022_IF,11,776091045,970163807,460223285.670799
ULAMF2A_IDR,ULAMF2A_EAGLE_AG_IDR_SH_2023_IF,1,12000000,42000000,33470263.357432
ULAMF2A_IDR,ULAMF2A_SPRING_AG_IDR_SH_2021_IF,2,87000000,215000000,54676354
ULAMF2A_IDR,ULAMF2A_SPRING_AG_IDR_SH_2022_IF,1,30000000,100000000,275461762.421696
ULAMFP_IDR,ULAMFP_AZID_AG_IDR_SH_2014_IF,19,985000000,1816250000,481488870.431042
ULAMFP_IDR,ULAMFP_AZID_AG_IDR_SH_2015_IF,6,110500000,175625000,45429735
ULAMFP_IDR,ULAMFP_SPRING_AG_IDR_SH_2014_IF,4,64000000,106250000,28234324.065368
ULAP___IDR,ULAP___AZID_AG_IDR_SH_2014_IF,47,328499996,9544000000,1509394243.430642
ULAP___IDR,ULAP___SPRING_AG_IDR_SH_2014_IF,14,47860000,2073000000,220668284.025396
ULAPO1_IDR,ULAPO1_AZID_AG_IDR_SH_2014_IF,3579,21364985936,748778556900,56713875350.032801
ULAPO1_IDR,ULAPO1_AZID_AG_IDR_SH_2015_IF,569,2882096000,115239000000,7618596362.805498
ULAPO1_IDR,ULAPO1_SPRING_AG_IDR_SH_2014_IF,4145,31791647404,1509725120350,76893419978.018372
ULAPO1_IDR,ULAPO1_SPRING_AG_IDR_SH_2015_IF,565,4404056696,227027200900,9545318204.960215
ULAPO1_IDR,ULAPO1_SYARIAH_NK_IDR_SH_2014_IF,5,18000000,1150000000,66396874.416606
ULAPO2_IDR,ULAPO2_AZID_AG_IDR_SH_2014_IF,2847,36343081308,893657345000,62517828856.997566
ULAPO2_IDR,ULAPO2_AZID_AG_IDR_SH_2015_IF,352,4237160000,98990300000,7175897874.805201
ULAPO2_IDR,ULAPO2_SPRING_AG_IDR_SH_2014_IF,3381,55177876304,1491119400000,90004865257.880326
ULAPO2_IDR,ULAPO2_SPRING_AG_IDR_SH_2015_IF,477,6561444000,185378600000,9252825054.212406
ULAPO2_IDR,ULAPO2_SYARIAH_NK_IDR_SH_2014_IF,3,16800000,750000000,44999499.101828
ULAPO3_IDR,ULAPO3_AZID_AG_IDR_SH_2015_IF,266,1884576000,75385000000,6100966358.473408
ULAPO3_IDR,ULAPO3_AZID_AG_IDR_SH_2016_IF,633,4375562532,181325700000,9220473699.692562
ULAPO3_IDR,ULAPO3_AZID_AG_IDR_SH_2017_IF,597,4263363331.71404764,178867000000,7392926859.698902
ULAPO3_IDR,ULAPO3_AZID_AG_IDR_SH_2018_IF,467,4480434596,138446500000,7229708042.900651
ULAPO3_IDR,ULAPO3_AZID_AG_IDR_SH_2019_IF,65,659236000,18505000000,824733144.40897
ULAPO3_IDR,ULAPO3_EAGLE_AG_IDR_SH_2015_IF,65,598940000,17314000000,1183766897.037731
ULAPO3_IDR,ULAPO3_EAGLE_AG_IDR_SH_2016_IF,889,7374747988,273090000000,14358636042.520964
ULAPO3_IDR,ULAPO3_EAGLE_AG_IDR_SH_2017_IF,1435,12876300366.06587328,470914332152,20150481423.643389
ULAPO3_IDR,ULAPO3_EAGLE_AG_IDR_SH_2018_IF,1672,14977722239.22717372,475702780500,22994229924.512447
ULAPO3_IDR,ULAPO3_EAGLE_AG_IDR_SH_2019_IF,143,1212624000,33657500000,1608978007.631731
ULAPO3_IDR,ULAPO3_SPRING_AG_IDR_SH_2015_IF,392,3217490012,155114840000,6406331526.45121
ULAPO3_IDR,ULAPO3_SPRING_AG_IDR_SH_2016_IF,954,7822158280,394749779199,14113767647.104723
ULAPO3_IDR,ULAPO3_SPRING_AG_IDR_SH_2017_IF,955,7534966420,359145400000,13051341309.445718
ULAPO3_IDR,ULAPO3_SPRING_AG_IDR_SH_2018_IF,724,5829956000,290134200000,9665495431.796376
ULAPO3_IDR,ULAPO3_SPRING_AG_IDR_SH_2019_IF,51,469644000,17607000000,550667362.241256
ULAPO3A_IDR,ULAPO3A_AZID_AG_IDR_SH_2021_IF,2,9881760,325000000,12018933.698667
ULAPO4_IDR,ULAPO4_AZID_AG_IDR_SH_2015_IF,225,3390269992,70155400000,5284626972.176421
ULAPO4_IDR,ULAPO4_AZID_AG_IDR_SH_2016_IF,559,7635736648,196983800000,11251899288.756167
ULAPO4_IDR,ULAPO4_AZID_AG_IDR_SH_2017_IF,517,7260305426.523149,173940000000,9921562499.882824
ULAPO4_IDR,ULAPO4_AZID_AG_IDR_SH_2018_IF,436,6917514000,144832300000,8373955660.325301
ULAPO4_IDR,ULAPO4_AZID_AG_IDR_SH_2019_IF,61,738768000,12465000000,669634508.964981
ULAPO4_IDR,ULAPO4_EAGLE_AG_IDR_SH_2015_IF,51,876920000,18430600000,1331409577.430192
ULAPO4_IDR,ULAPO4_EAGLE_AG_IDR_SH_2016_IF,744,11825697188.84424976,296583100000,17093747921.090159
ULAPO4_IDR,ULAPO4_EAGLE_AG_IDR_SH_2017_IF,1278,20170144732,427128108000,25909175925.258766
ULAPO4_IDR,ULAPO4_EAGLE_AG_IDR_SH_2018_IF,1432,23146427204,474063870000,28427600204.318837
ULAPO4_IDR,ULAPO4_EAGLE_AG_IDR_SH_2019_IF,114,1468300000,27173400000,1589891308.862869
ULAPO4_IDR,ULAPO4_SPRING_AG_IDR_SH_2015_IF,342,5845947136,153026200000,8616812473.043472
ULAPO4_IDR,ULAPO4_SPRING_AG_IDR_SH_2016_IF,905,15797677996,453839550000,24702280756.001784
ULAPO4_IDR,ULAPO4_SPRING_AG_IDR_SH_2017_IF,947,15584672000,401927600000,21987598109.627925
ULAPO4_IDR,ULAPO4_SPRING_AG_IDR_SH_2018_IF,727,12018452000,301448599999,13640925081.891485
ULAPO4_IDR,ULAPO4_SPRING_AG_IDR_SH_2019_IF,62,806540000,17303000000,982076043.875432
ULAPO4A_IDR,ULAPO4A_AZID_AG_IDR_SH_2021_IF,1,33600000,500000000,10951558
ULAPR__IDR,ULAPR__AZID_AG_IDR_SH_2014_IF,1320,6670317804,237811000000,27079666893.87568
ULAPR__IDR,ULAPR__EAGLE_AG_IDR_SH_2014_IF,1,4200000,250000000,10346126.388593
ULAPR__IDR,ULAPR__SPRING_AG_IDR_SH_2014_IF,1091,5117549988,217495100000,22948047409.577452
ULARK__IDR,ULARK__DANAMON_NK_IDR_SH_2014_IF,8,14400000,393000000,213627305.698283
ULARLK_IDR,ULARLK_BMI_NK_IDR_SH_2014_IF,268,3260100000,133234000000,7967323072.416621
ULARLK_IDR,ULARLK_BMI_NK_IDR_SH_2015_IF,24,264400000,6710000000,636393505.331702
ULARP2_IDR,ULARP2_ANZ_NK_IDR_SH_2015_IF,18,2757000004,41050000000,2730945256.821286
ULARP2_IDR,ULARP2_ANZ_NK_IDR_SH_2016_IF,16,989800000,33450000000,1413554350.262786
ULARPL_IDR,ULARPL_ANZ_NK_IDR_SH_2014_IF,168,7222499988,101270000000,10007227035.571997
ULARPL_IDR,ULARPL_ANZ_NK_IDR_SH_2015_IF,22,1005000004,25375000000,854473606.272785
ULARPL_IDR,ULARPL_RBS_NK_IDR_SH_2014_IF,11,273500000,4475000000,241144335
ULARPN_IDR,ULARPN_ANZ_NK_IDR_SH_2017_IF,4,307500000,13500000000,125688192.204822
ULASFA_IDR,ULASFA_HSBC_KT_IDR_SH_2014_IF,14,2625000000,5250000000,874698204.773458
ULASLF_IDR,ULASLF_AZID_AG_IDR_SH_2023_IF,933,13603133136,255235630000,3464299073.743692
ULASLF_IDR,ULASLF_AZID_AG_IDR_SH_2024_IF,878,12324654592,248271920000,4230068218.885088
ULASLF_IDR,ULASLF_AZID_AG_IDR_SH_2025_Q1,155,1545680000,35984000000,292284934.199734
ULASLF_IDR,ULASLF_AZLI_STAFF_AG_IDR_SH_2023_IF,3,52200000,2150000000,37176207.375724
ULASLF_IDR,ULASLF_AZLI_STAFF_AG_IDR_SH_2024_IF,3,48000000,1306000000,10401532.67835
ULASLF_IDR,ULASLF_EAGLE_AG_IDR_SH_2023_IF,12666,226579816548,3312254766258,37012914937.17299
ULASLF_IDR,ULASLF_EAGLE_AG_IDR_SH_2024_IF,13964,249834775160,3330475491001,28522134215.227946
ULASLF_IDR,ULASLF_EAGLE_AG_IDR_SH_2025_Q1,1733,28745625000,414528400000,2301356604.488308
ULASLF_IDR,ULASLF_SPRING_AG_IDR_SH_2023_IF,1685,33047306992,486833959980,6880782930.297918
ULASLF_IDR,ULASLF_SPRING_AG_IDR_SH_2024_IF,1346,25011539004,370660851000,3272033584.524244
ULASLF_IDR,ULASLF_SPRING_AG_IDR_SH_2025_Q1,196,3221809996,59521300000,489660379.279968
ULASMN_IDR,ULASMN_AZID_AG_IDR_SH_2021_IF,9,149645400,2200000000,66242478
ULASMN_IDR,ULASMN_AZID_AG_IDR_SH_2022_IF,40,1211105340,10985000000,476056660
ULASMN_IDR,ULASMN_EAGLE_AG_IDR_SH_2021_IF,37,906985700,13625000000,512304996
ULASMN_IDR,ULASMN_EAGLE_AG_IDR_SH_2022_IF,52,1628250320,21352953900,665766419
ULASMN_IDR,ULASMN_SPRING_AG_IDR_SH_2021_IF,16,507070100,10025000000,217962599
ULASMN_IDR,ULASMN_SPRING_AG_IDR_SH_2022_IF,62,1450758516,33336135000,410547758
ULASPO_IDR,ULASPO_AZID_AG_IDR_SH_2018_IF,156,2019220000,58561500000,1884876463.173098
ULASPO_IDR,ULASPO_AZID_AG_IDR_SH_2019_IF,53,734880000,20588000000,805726667.992236
ULASPO_IDR,ULASPO_EAGLE_AG_IDR_SH_2018_IF,471,6687577000,169488600000,6887261805.999889
ULASPO_IDR,ULASPO_EAGLE_AG_IDR_SH_2019_IF,124,1334196000,36191000000,1455831732.087033
ULASPO_IDR,ULASPO_SPRING_AG_IDR_SH_2018_IF,265,4196044000,143353800000,5007994195.523044
ULASPO_IDR,ULASPO_SPRING_AG_IDR_SH_2019_IF,97,1111425400,37038000000,1114864539.669004
ULASPP_IDR,ULASPP_AZID_AG_IDR_SH_2019_IF,1113,19385230108.44140344,366906855000,15856370335.024289
ULASPP_IDR,ULASPP_AZID_AG_IDR_SH_2020_IF,788,11994233438.73241028,208522200000,10847979300.624954
ULASPP_IDR,ULASPP_EAGLE_AG_IDR_SH_2019_IF,4429,79305358917.22143664,1440975658690,62481115157.019319
ULASPP_IDR,ULASPP_EAGLE_AG_IDR_SH_2020_IF,3261,55096638653.928295728,896015442000,36422072469.907399
ULASPP_IDR,ULASPP_SPRING_AG_IDR_SH_2019_IF,1762,32084227933.9288136,678277040369,26090194521.32159
ULASPP_IDR,ULASPP_SPRING_AG_IDR_SH_2020_IF,1053,17047291805.90116496,327619431187,10826610989.558269
ULASPPA_IDR,ULASPPA_AZID_AG_IDR_SH_2020_IF,622,9905118688.54600628,162986625000,5326761933.612301
ULASPPA_IDR,ULASPPA_AZID_AG_IDR_SH_2021_IF,1506,21410442520.26043912,385245534500,9900211088.135031
ULASPPA_IDR,ULASPPA_AZID_AG_IDR_SH_2022_IF,1689,22981902860,388942100000,5722586864.290175
ULASPPA_IDR,ULASPPA_AZID_AG_IDR_SH_2023_IF,494,6925916972,93891000000,948982972.16157
ULASPPA_IDR,ULASPPA_EAGLE_AG_IDR_SH_2020_IF,2810,46265227366.261296304,771083618121,27368380903.87495
ULASPPA_IDR,ULASPPA_EAGLE_AG_IDR_SH_2021_IF,9435,153344479436.721876836,2399862530845,53072624287.768908
ULASPPA_IDR,ULASPPA_EAGLE_AG_IDR_SH_2022_IF,13437,231136828846,3248669041888.999999993,39835098611.622719
ULASPPA_IDR,ULASPPA_EAGLE_AG_IDR_SH_2023_IF,7685,137585774376,1689730749008,15608252475.511372
ULASPPA_IDR,ULASPPA_SPRING_AG_IDR_SH_2020_IF,844,13493115363.17735732,288849849100,7627264333.735666
ULASPPA_IDR,ULASPPA_SPRING_AG_IDR_SH_2021_IF,2394,35845791843.66192212,635538295000,14024037042.2998
ULASPPA_IDR,ULASPPA_SPRING_AG_IDR_SH_2022_IF,2808,49027567762.06894856,810683652722.99999997,12074806514.483132
ULASPPA_IDR,ULASPPA_SPRING_AG_IDR_SH_2023_IF,1165,21062472000,282750600000,3377754165.791266
ULASS__IDR,ULASS__PERMATA_NK_IDR_SH_2014_IF,85,463800000,13997000000,1926216797.138243
ULAWPL_IDR,ULAWPL_HANA_NK_IDR_UL_2021_IF,1,125000000,5000000000,229627578
ULAWPL_IDR,ULAWPL_HANA_NK_IDR_UL_2022_IF,2,250000000,10000000000,508741617
ULAWPL_USD,ULAWPL_HANA_NK_USD_UL_2021_IF,2,45000,760000,123649
ULAWPL_IDR,ULAWPL_NISP_NK_IDR_UL_2021_IF,3,575000004,24000000000,795517280.137531
ULAWPL_IDR,ULAWPL_NISP_NK_IDR_UL_2022_IF,13,2450000000,85500000000,4383198881
ULAWPL_IDR,ULAWPL_NISP_NK_IDR_UL_2023_IF,9,1275000000,47000000000,2291638552
ULAWPL_USD,ULAWPL_NISP_NK_USD_UL_2021_IF,1,20000,380000,63251
ULAWPL_USD,ULAWPL_NISP_NK_USD_UL_2022_IF,32,615996,13486000,1538087.55596214
ULAWPL_USD,ULAWPL_NISP_NK_USD_UL_2023_IF,14,224004,5480000,613655.44633603
ULAWPL_IDR,ULAWPL_QNB_NK_IDR_UL_2022_IF,25,4166000000,160000000000,10764176195.873215
ULAWPL_IDR,ULAWPL_QNB_NK_IDR_UL_2023_IF,1,200000000,7000000000,659986948.73144
ULAWPL_USD,ULAWPL_QNB_NK_USD_UL_2022_IF,7,109000,2780000,303609.31796105
ULAWPL_USD,ULAWPL_QNB_NK_USD_UL_2023_IF,1,15000,750000,60349.81493416
ULAWPR_IDR,ULAWPR_BCI_NK_IDR_UL_2021_IF,1,25000000,125000000,286380299.557851
ULAWPR_IDR,ULAWPR_BCI_NK_IDR_UL_2022_IF,26,1177000004,17415000000,2625216009.897605
ULAWPR_IDR,ULAWPR_BCI_NK_IDR_UL_2023_IF,3,112500000,2300000000,169585757.895204
ULAWPR_USD,ULAWPR_BCI_NK_USD_UL_2021_IF,1,2500,12500,2370
ULAWPR_USD,ULAWPR_BCI_NK_USD_UL_2022_IF,1,2500,12500,13988.62679056
ULAWPR_IDR,ULAWPR_VICTORIA_NK_IDR_UL_2022_IF,11,685000000,9475000000,1270186744.115384
ULAWPR_IDR,ULAWPR_VICTORIA_NK_IDR_UL_2023_IF,1,25000000,1000000000,27854042
ULBPMC_IDR,ULBPMC_BJB_NK_IDR_UL_2021_IF,7,400000000,600000000,1805896120.927356
ULBPMC_IDR,ULBPMC_BJB_NK_IDR_UL_2022_IF,4,200000000,300000000,5974338844.369988
ULBPMC_IDR,ULBPMC_BJB_NK_IDR_UL_2023_IF,1,50000000,75000000,50971369
ULBPMC_USD,ULBPMC_BJB_NK_USD_UL_2021_IF,40,200000,300000,1472689.98025712
ULBPMC_USD,ULBPMC_BJB_NK_USD_UL_2022_IF,6,30000,45000,303288.65922816
ULBPMC_USD,ULBPMC_BJB_NK_USD_UL_2023_IF,1,5000,7500,5128
ULBPOC_IDR,ULBPOC_BJB_NK_IDR_UL_2021_IF,7,66000000,6146000000,151130645.827824
ULBPOC_IDR,ULBPOC_BJB_NK_IDR_UL_2022_IF,47,517000000,29569000000,923662749.006373
ULBPOC_IDR,ULBPOC_BJB_NK_IDR_UL_2023_IF,8,58000000,3558000000,30660932.95923
ULCIP__IDR,ULCIP__HSBC_KT_IDR_UL_2016_IF,251,21503999980,377392000000,62814789941.738397
ULCIP__IDR,ULCIP__HSBC_KT_IDR_UL_2017_IF,334,21284999916,424364000000,72908188389.498196
ULCIP__IDR,ULCIP__HSBC_KT_IDR_UL_2018_IF,336,20637199960,355641500000,64553823995.679625
ULCIP__IDR,ULCIP__HSBC_KT_IDR_UL_2019_IF,335,19425999988,332803500080,83336967110.197182
ULCIP__IDR,ULCIP__HSBC_KT_IDR_UL_2020_IF,172,8350175988,153024200000,36867169910.742276
ULCIP__IDR,ULCIP__HSBC_KT_IDR_UL_2021_IF,239,11858224012,168110000040,36311217624.116319
ULCIP__IDR,ULCIP__HSBC_KT_IDR_UL_2022_IF,742,45792139948,567899899880,121547009541.970921
ULCIP__IDR,ULCIP__HSBC_KT_IDR_UL_2023_IF,50,3584500008,43350000000,9621211676.602624
ULCIP__USD,ULCIP__HSBC_KT_USD_UL_2016_IF,83,726100,9315000,3702868.93568423459972
ULCIP__USD,ULCIP__HSBC_KT_USD_UL_2017_IF,92,997992,15182500,4133321.37352435602128
ULCIP__USD,ULCIP__HSBC_KT_USD_UL_2018_IF,188,1611052,21488300,7701501.68720454393008
ULCIP__USD,ULCIP__HSBC_KT_USD_UL_2019_IF,227,1489512,21203290,9735734.84021259637536
ULCIP__USD,ULCIP__HSBC_KT_USD_UL_2020_IF,468,2130842,24732370,13140610.26911129584644
ULCIP__USD,ULCIP__HSBC_KT_USD_UL_2021_IF,767,4014820,46344480,17438751.2999218395504
ULCIP__USD,ULCIP__HSBC_KT_USD_UL_2022_IF,309,1693308,18659160,5900448.88072643
ULCIP__USD,ULCIP__HSBC_KT_USD_UL_2023_IF,65,375804,3758000,1376615.33337996
ULCIPA_IDR,ULCIPA_HSBC_KT_IDR_UL_2018_IF,20,258000000,7390000000,648491396.097886
ULCIPA_IDR,ULCIPA_HSBC_KT_IDR_UL_2019_IF,61,784400008,24106000000,2476498002.193066
ULCIPA_IDR,ULCIPA_HSBC_KT_IDR_UL_2020_IF,60,735000000,21649000000,2165279621.812553
ULCIPA_IDR,ULCIPA_HSBC_KT_IDR_UL_2021_IF,35,458000004,12922000000,1034544536.058426
ULCIPA_IDR,ULCIPA_HSBC_KT_IDR_UL_2022_IF,24,307500000,8696000000,678116665.881286
ULCP___IDR,ULCP___HSBC_KT_IDR_UL_2014_IF,58,448200000,12980000000,1765300534.528409
ULCPK__IDR,ULCPK__HSBC_KT_IDR_UL_2014_IF,41,325999996,12755000000,796030943.586394
ULCPK__IDR,ULCPK__HSBC_KT_IDR_UL_2015_IF,15,120200000,3700000000,248553628.268158
ULCPK__IDR,ULCPK__HSBC_KT_IDR_UL_2016_IF,8,99000000,6900000000,139443718.494819
ULCPK__IDR,ULCPK__HSBC_KT_IDR_UL_2017_IF,1,7800000,100000000,9802454.183421
ULCPRA_IDR,ULCPRA_HSBC_KT_IDR_SH_2014_IF,2,150000000,1000000000,20472186.404442
ULDMSA_IDR,ULDMSA_DANAMON_NK_IDR_UL_2014_IF,743,2926355972,134000900000,21533274312.67294
ULDRK__IDR,ULDRK__DANAMON_NK_IDR_UL_2014_IF,9,49300000,1950000000,327196937.25291
ULDRKA_IDR,ULDRKA_DANAMON_NK_IDR_UL_2014_IF,518,4347539996,128687000000,31043163342.178118
ULDRKA_USD,ULDRKA_DANAMON_NK_USD_UL_2014_IF,1,1250,20000,5285.0109048
ULDRKS_IDR,ULDRKS_DANAMON_NK_IDR_UL_2014_IF,3628,23069599979.999999999996,710550000000,167431753978.15817
ULDRKS_USD,ULDRKS_DANAMON_NK_USD_UL_2014_IF,71,115715,1808150,887418.9264616
ULDRP__IDR,ULDRP__DANAMON_NK_IDR_UL_2014_IF,1,15000000,300000000,56795458.352841
ULFC___IDR,ULFC___HSBC_KT_IDR_UL_2014_IF,7,425000000,4250000000,599140978
ULFCK__USD,ULFCK__HSBC_KT_USD_UL_2014_IF,3,7500,210000,13198
ULFIVS_IDR,ULFIVS_QNB_NK_IDR_UL_2020_IF,17,850000000,1275000000,6544006666.338937
ULFIVS_IDR,ULFIVS_QNB_NK_IDR_UL_2021_IF,24,1200000000,1800000000,4873830237.357969
ULFIVS_IDR,ULFIVS_QNB_NK_IDR_UL_2022_IF,17,850000000,1275000000,5582237006.511948
ULFIVS_IDR,ULFIVS_QNB_NK_IDR_UL_2023_IF,2,100000000,150000000,628370836.384813
ULFIVS_USD,ULFIVS_QNB_NK_USD_UL_2020_IF,31,166500,249750,565198.37159285564336
ULFIVS_USD,ULFIVS_QNB_NK_USD_UL_2021_IF,42,210000,315000,868213.0784924
ULFIVS_USD,ULFIVS_QNB_NK_USD_UL_2022_IF,3,15000,22500,15511.3943184
ULFIVS_USD,ULFIVS_QNB_NK_USD_UL_2023_IF,1,5000,7500,31704.3135086
ULFLFS_IDR,ULFLFS_QNB_NK_IDR_UL_2020_IF,57,2270000000,50295000000,5151116566.842255
ULFLFS_IDR,ULFLFS_QNB_NK_IDR_UL_2021_IF,52,2149000000,35100000000,8756243662.95658
ULFLFS_IDR,ULFLFS_QNB_NK_IDR_UL_2022_IF,44,2310000000,25685000000,6379374062.725686
ULFLFS_IDR,ULFLFS_QNB_NK_IDR_UL_2023_IF,1,30000000,750000000,31793799
ULFLFS_USD,ULFLFS_QNB_NK_USD_UL_2020_IF,27,102000,1142000,345922.12477804
ULFLFS_USD,ULFLFS_QNB_NK_USD_UL_2021_IF,22,65000,326000,342373.60777184
ULFS___IDR,ULFS___SCB_NK_IDR_UL_2014_IF,88,1726999996,41348500000,5503152634.028619
ULFS___USD,ULFS___SCB_NK_USD_UL_2014_IF,5,17500,180500,31946.7136568
ULFT___IDR,ULFT___BCI_NK_IDR_UL_2014_IF,22,88300000,5075000000,413385170.146046
ULGI1__IDR,ULGI1__BTPN_NK_IDR_UL_2014_IF,29,435000000,543750000,968112855.130457
ULGI1__IDR,ULGI1__BTPN_NK_IDR_UL_2015_IF,19,285000000,356250000,895670774.618256
ULGI1__IDR,ULGI1__BTPN_NK_IDR_UL_2016_IF,36,540000000,675000000,2345463346.150563
ULGI1__IDR,ULGI1__BTPN_NK_IDR_UL_2017_IF,73,1095000000,1368750000,9561852926.732441
ULGI1__IDR,ULGI1__BTPN_NK_IDR_UL_2018_IF,43,790000000,987500000,3590162259.401828
ULGI1__IDR,ULGI1__BTPN_NK_IDR_UL_2019_IF,31,530000000,662500000,4641888257.102842
ULGSU__IDR,ULGSU__BTPN_NK_IDR_UL_2021_IF,47,3120000000,99491647585,8569262107.926781
ULGSU__IDR,ULGSU__BTPN_NK_IDR_UL_2022_IF,95,6159000000,197000000000,22336316925.714296
ULGSU__USD,ULGSU__BTPN_NK_USD_UL_2021_IF,22,136600,3780000,451229.12051064
ULGSU__USD,ULGSU__BTPN_NK_USD_UL_2022_IF,19,121000,3414743.75,324637.11018009
ULGUMA_IDR,ULGUMA_BTPN_NK_IDR_UL_2022_IF,7,500000000,15500000000,1551886842.374649
ULGUMA_IDR,ULGUMA_BTPN_NK_IDR_UL_2023_IF,41,2825000000,92275000000,13108567777.471349
ULGUMA_IDR,ULGUMA_BTPN_NK_IDR_UL_2024_IF,16,1130000000,33500000000,1162802967.162178
ULGUMA_IDR,ULGUMA_BTPN_NK_IDR_UL_2025_Q1,1,60000000,2000000000,35652855
ULGUMA_USD,ULGUMA_BTPN_NK_USD_UL_2022_IF,2,15000,377500,47828.56431865
ULGUMA_USD,ULGUMA_BTPN_NK_USD_UL_2023_IF,4,30500,782500,92968.82931272
ULGUMA_USD,ULGUMA_BTPN_NK_USD_UL_2024_IF,4,29200,740000,19871.6330048
ULGUMA_USD,ULGUMA_BTPN_NK_USD_UL_2025_Q1,3,18000,480000,60523.71029015
ULGUOP_IDR,ULGUOP_BTPN_NK_IDR_UL_2023_IF,199,12517000000,25034000000,79206394349.879015
ULGUOP_IDR,ULGUOP_BTPN_NK_IDR_UL_2024_IF,354,18310000000,36620000000,109851223870.282799
ULGUOP_IDR,ULGUOP_BTPN_NK_IDR_UL_2025_Q1,59,3240000000,6480000000,14122365500.129425
ULGUOP_USD,ULGUOP_BTPN_NK_USD_UL_2023_IF,5,92000,184000,222012.82808714
ULGUOP_USD,ULGUOP_BTPN_NK_USD_UL_2024_IF,30,540000,1080000,1377869.11450827
ULGUOP_USD,ULGUOP_BTPN_NK_USD_UL_2025_Q1,6,108000,216000,157971.09435295
ULGUP__IDR,ULGUP__BTPN_NK_IDR_UL_2014_IF,410,16112800004,291162000000,39226353070.533584
ULGUP__IDR,ULGUP__BTPN_NK_IDR_UL_2015_IF,454,20048350008,398765500000,50547875720.915058
ULGUP__IDR,ULGUP__BTPN_NK_IDR_UL_2016_IF,509,17332999988,341985000000,46175241688.309508
ULGUP__IDR,ULGUP__BTPN_NK_IDR_UL_2017_IF,306,11973500012,247406250000,46842249346.92847
ULGUP__IDR,ULGUP__BTPN_NK_IDR_UL_2018_IF,240,11009008008,188720000000,25553259395.507371
ULGUP__IDR,ULGUP__BTPN_NK_IDR_UL_2019_IF,292,14581400020,217940000000,33218056985.748639
ULGUP__IDR,ULGUP__BTPN_NK_IDR_UL_2020_IF,167,7292204004,97389000000,23944366463.998035
ULGUP__IDR,ULGUP__BTPN_NK_IDR_UL_2021_IF,253,10136100020,117404000000,23779091585.417528
ULGUP__IDR,ULGUP__BTPN_NK_IDR_UL_2022_IF,264,11445500004,130695500000,26697145520.292983
ULGUP__IDR,ULGUP__BTPN_NK_IDR_UL_2023_IF,25,1218000000,18795000000,1776727572.095545
ULGUPM_IDR,ULGUPM_BTPN_NK_IDR_UL_2023_IF,248,14262600012,156705000000,45325737513.691613
ULGUPM_IDR,ULGUPM_BTPN_NK_IDR_UL_2024_IF,340,20812100000,178555500000,29547622678.037548
ULGUPM_IDR,ULGUPM_BTPN_NK_IDR_UL_2025_Q1,47,2929000000,24650000000,4756605204.57694
ULGUPM_USD,ULGUPM_BTPN_NK_USD_UL_2023_IF,2,10300,236000,19023.76062868
ULGUPM_USD,ULGUPM_BTPN_NK_USD_UL_2024_IF,49,342700,2592000,772354.50559714
ULGUPM_USD,ULGUPM_BTPN_NK_USD_UL_2025_Q1,7,51000,364000,81196.8213193
ULGUSI_IDR,ULGUSI_BTPN_NK_IDR_UL_2020_IF,71,10576999996,461863270979,32495656513.769867
ULGUSI_IDR,ULGUSI_BTPN_NK_IDR_UL_2021_IF,40,6410000000,213429940399,16428165966.981072
ULGUSI_IDR,ULGUSI_BTPN_NK_IDR_UL_2022_IF,51,10353000000,322750000000,31806898981.873937
ULGUSI_IDR,ULGUSI_BTPN_NK_IDR_UL_2023_IF,11,1910000000,69250000000,4880634072.530757
ULGUSI_USD,ULGUSI_BTPN_NK_USD_UL_2020_IF,33,457500,13980000,1461330.65319459
ULGUSI_USD,ULGUSI_BTPN_NK_USD_UL_2021_IF,47,685500,18923060,2139941.74922683
ULGUSI_USD,ULGUSI_BTPN_NK_USD_UL_2022_IF,3,44000,1140000,202946.0054568
ULGUSI_USD,ULGUSI_BTPN_NK_USD_UL_2023_IF,2,35000,760000,72650.96105062
ULGUTI_IDR,ULGUTI_BTPN_NK_IDR_UL_2023_IF,15,2835000000,91360000000,8864678322.179608
ULGUTI_IDR,ULGUTI_BTPN_NK_IDR_UL_2024_IF,23,3728000000,125000000000,8158054087.448312
ULGUTI_IDR,ULGUTI_BTPN_NK_IDR_UL_2025_Q1,2,270000000,10650000000,2073355315.351969
ULGUTI_USD,ULGUTI_BTPN_NK_USD_UL_2023_IF,2,25000,880000,38235
ULGUTI_USD,ULGUTI_BTPN_NK_USD_UL_2024_IF,5,63000,1960000,38562
ULGW___IDR,ULGW___BTPN_NK_IDR_UL_2019_IF,28,1135000000,1506250000,6502996250.76407
ULGW___IDR,ULGW___BTPN_NK_IDR_UL_2020_IF,82,3626000000,5332750000,25970131555.226474
ULGW___IDR,ULGW___BTPN_NK_IDR_UL_2021_IF,302,16208666667,24313000000,95972722508.702703
ULGW___IDR,ULGW___BTPN_NK_IDR_UL_2022_IF,427,22479000000,33718500000,169445374161.818578
ULGW___IDR,ULGW___BTPN_NK_IDR_UL_2023_IF,74,3830000000,5745000000,24238769318.296576
ULGW___USD,ULGW___BTPN_NK_USD_UL_2019_IF,19,78500,100625,523234.01898984
ULGW___USD,ULGW___BTPN_NK_USD_UL_2020_IF,71,425000,616875,1549240.79607409
ULGW___USD,ULGW___BTPN_NK_USD_UL_2021_IF,156,1188000,1782000,2478690.65397503
ULGW___USD,ULGW___BTPN_NK_USD_UL_2022_IF,18,135000,202500,303075.03843594
ULGW___USD,ULGW___BTPN_NK_USD_UL_2023_IF,11,82500,123750,201051.53560454
ULHPIP_IDR,ULHPIP_HSBC_KT_IDR_UL_2023_IF,567,39234706678,475911666666,83184944359.378129
ULHPIP_IDR,ULHPIP_HSBC_KT_IDR_UL_2024_IF,548,45942480012,509720000000,76384378710.026365
ULHPIP_IDR,ULHPIP_HSBC_KT_IDR_UL_2025_Q1,56,5031000000,51320000000,4776751380.563248
ULHPIP_USD,ULHPIP_HSBC_KT_USD_UL_2023_IF,326,2130284,24025540,6162559.76817406
ULHPIP_USD,ULHPIP_HSBC_KT_USD_UL_2024_IF,402,3181988,34280000,5497620.86421035
ULHPIP_USD,ULHPIP_HSBC_KT_USD_UL_2025_Q1,61,422900,4706000,559426.01786344
ULHPWA_IDR,ULHPWA_HSBC_KT_IDR_UL_2020_IF,133,21276008008,779310475556,66606498803.402802
ULHPWA_IDR,ULHPWA_HSBC_KT_IDR_UL_2021_IF,144,28028001216,938246034949,78096558427.369266
ULHPWA_IDR,ULHPWA_HSBC_KT_IDR_UL_2022_IF,298,49678040024,1662268756637,128436064017.570766
ULHPWA_IDR,ULHPWA_HSBC_KT_IDR_UL_2023_IF,33,5104999996,176500000000,9562264199.841664
ULHPWA_USD,ULHPWA_HSBC_KT_USD_UL_2020_IF,175,2828744,86609988.088,10067507.34875304197208
ULHPWA_USD,ULHPWA_HSBC_KT_USD_UL_2021_IF,250,3989732,110537927.4,13415460.60153608
ULHPWA_USD,ULHPWA_HSBC_KT_USD_UL_2022_IF,92,1540004,41835000,4356514.17260045
ULHPWA_USD,ULHPWA_HSBC_KT_USD_UL_2023_IF,19,319000,8004000,1413041.94886136
ULHSWA_IDR,ULHSWA_HSBC_KT_IDR_UL_2023_IF,82,14151999984,475180000000,25102266418.845962
ULHSWA_IDR,ULHSWA_HSBC_KT_IDR_UL_2024_IF,61,13998000004,365500000000,19095704433.881939
ULHSWA_IDR,ULHSWA_HSBC_KT_IDR_UL_2025_Q1,7,1180000000,41400000000,781249417
ULHSWA_USD,ULHSWA_HSBC_KT_USD_UL_2023_IF,47,791008,22085000,1217960.45655954
ULHSWA_USD,ULHSWA_HSBC_KT_USD_UL_2024_IF,55,1128008,24485000,2064593.01248011
ULHSWA_USD,ULHSWA_HSBC_KT_USD_UL_2025_Q1,3,52000,1140000,35067
ULHTKG_IDR,ULHTKG_DANAMON_NK_IDR_UL_2014_IF,7,860000000,1075000000,884190274
ULHTKP_IDR,ULHTKP_DANAMON_NK_IDR_UL_2014_IF,3,1200000000,1500000000,81687683
ULHTKS_IDR,ULHTKS_DANAMON_NK_IDR_UL_2014_IF,6,200000000,250000000,272297686
ULHUWA_IDR,ULHUWA_HSBC_KT_IDR_UL_2023_IF,80,4100000000,8200000000,47041370374.28578
ULHUWA_IDR,ULHUWA_HSBC_KT_IDR_UL_2024_IF,88,5200000000,10400000000,28654867449.135044
ULHUWA_IDR,ULHUWA_HSBC_KT_IDR_UL_2025_Q1,8,400000000,800000000,9014111938.10452
ULHUWA_USD,ULHUWA_HSBC_KT_USD_UL_2021_IF,508,2540000,5080000,21061766.82532766
ULHUWA_USD,ULHUWA_HSBC_KT_USD_UL_2022_IF,21,105000,210000,268118.37686151
ULHUWA_USD,ULHUWA_HSBC_KT_USD_UL_2023_IF,31,155000,960000,906847.77298936
ULHUWA_USD,ULHUWA_HSBC_KT_USD_UL_2024_IF,311,1694000,11298000,14981103.11914311
ULHUWA_USD,ULHUWA_HSBC_KT_USD_UL_2025_Q1,87,435000,3132000,4071910.19524014
ULMA___IDR,ULMA___AZID_AG_IDR_UL_2014_IF,543,25966183030,39172884023,24385776397.547909
ULMA___USD,ULMA___AZID_AG_USD_UL_2014_IF,66,526900,695325,644414.9417756
ULMAP__IDR,ULMAP__SPRING_AG_IDR_UL_2014_IF,82,4590300000,7430875000,7652757926.915057
ULMAP__USD,ULMAP__SPRING_AG_USD_UL_2014_IF,16,167650,227925,413080.9777928
ULME___IDR,ULME___AMWAY_NK_IDR_UL_2014_IF,7,22000000,550000000,310278277.413785
ULML___IDR,ULML___AZID_AG_IDR_UL_2014_IF,71,274000000,9160000000,3415683027.727575
ULMPB__IDR,ULMPB__MAYBANK_NK_IDR_SH_2016_IF,50,2881999996,44805000000,5148080834.750378
ULMPB__IDR,ULMPB__MAYBANK_NK_IDR_SH_2017_IF,92,4958999980,51592000000,13728166710.275733
ULMPB__IDR,ULMPB__MAYBANK_NK_IDR_SH_2018_IF,182,9561199980,104755000000,27291482968.203267
ULMPB__IDR,ULMPB__MAYBANK_NK_IDR_SH_2019_IF,171,8986900004,118935000000,26412752725.219431
ULMPB__IDR,ULMPB__MAYBANK_NK_IDR_SH_2020_IF,242,9396999992,118049000000,35272601599.283647
ULMPB__IDR,ULMPB__MAYBANK_NK_IDR_SH_2021_IF,356,12995999996,143220000000,38663383956.77863
ULMPB__IDR,ULMPB__MAYBANK_NK_IDR_SH_2022_IF,582,27586999988,303770000000,80794275445.224196
ULMPB__IDR,ULMPB__MAYBANK_NK_IDR_SH_2023_IF,150,8144050000,71630250000,20300500320.224317
ULMPB2_IDR,ULMPB2_MAYBANK_NK_IDR_SH_2023_IF,516,27128354996,242623274980,58399085333.071551
ULMPB2_IDR,ULMPB2_MAYBANK_NK_IDR_SH_2024_IF,451,30043000008,205080000000,41784942136.617561
ULMPB2_IDR,ULMPB2_MAYBANK_NK_IDR_SH_2025_Q1,27,1898000000,12375000000,3338884302.332039
ULMPI__IDR,ULMPI__MAYBANK_NK_IDR_UL_2016_IF,14,370000000,555000000,3393635425.717624
ULMPI__IDR,ULMPI__MAYBANK_NK_IDR_UL_2017_IF,41,1236000000,1854000000,3216608499.213008
ULMPI__IDR,ULMPI__MAYBANK_NK_IDR_UL_2018_IF,49,1069350000,1604025000,6594192635.643279
ULMPI__IDR,ULMPI__MAYBANK_NK_IDR_UL_2019_IF,109,2705000000,4057500000,15952282637.152977
ULMPI__IDR,ULMPI__MAYBANK_NK_IDR_UL_2020_IF,180,3596000000,5394000000,32701629266.603577
ULMPI__IDR,ULMPI__MAYBANK_NK_IDR_UL_2021_IF,297,3793000000,5689500000,65841300339.89325
ULMPI__IDR,ULMPI__MAYBANK_NK_IDR_UL_2022_IF,311,4144500000,6216750000,78528233106.126549
ULMPI__IDR,ULMPI__MAYBANK_NK_IDR_UL_2023_IF,37,444000000,666000000,24311419514.560359
ULMPI__USD,ULMPI__MAYBANK_NK_USD_UL_2016_IF,2,2400,3600,14752.335268
ULMPI__USD,ULMPI__MAYBANK_NK_USD_UL_2017_IF,13,39000,58500,336308.58813653450912
ULMPI__USD,ULMPI__MAYBANK_NK_USD_UL_2018_IF,9,33400,50100,165522.66057073857112
ULMPI__USD,ULMPI__MAYBANK_NK_USD_UL_2019_IF,59,164400,246600,1229567.40819776136472
ULMPI__USD,ULMPI__MAYBANK_NK_USD_UL_2020_IF,181,255400,383100,4506239.88472109868692
ULMPI__USD,ULMPI__MAYBANK_NK_USD_UL_2021_IF,290,361900,542850,3390715.63124394097404
ULMPI__USD,ULMPI__MAYBANK_NK_USD_UL_2022_IF,48,57600,86400,613889.54309918
ULMPI__USD,ULMPI__MAYBANK_NK_USD_UL_2023_IF,7,8400,12600,153184.47917471
ULMPI2_IDR,ULMPI2_MAYBANK_NK_IDR_UL_2023_IF,218,11650000000,23300000000,106800163518.159131
ULMPI2_IDR,ULMPI2_MAYBANK_NK_IDR_UL_2024_IF,230,12500000000,25000000000,127326282986.027813
ULMPI2_IDR,ULMPI2_MAYBANK_NK_IDR_UL_2025_Q1,51,2552000000,5104000000,23353720186.486103
ULMPI2_USD,ULMPI2_MAYBANK_NK_USD_UL_2023_IF,8,146000,292000,655634.10612721
ULMPI2_USD,ULMPI2_MAYBANK_NK_USD_UL_2024_IF,236,4259000,8518000,13857876.37524162
ULMPI2_USD,ULMPI2_MAYBANK_NK_USD_UL_2025_Q1,48,881000,1762000,2822440.69281687
ULMPIN_IDR,ULMPIN_MAYBANK_NK_IDR_UL_2020_IF,217,34438000004,1304795220012,121049303165.656634
ULMPIN_IDR,ULMPIN_MAYBANK_NK_IDR_UL_2021_IF,143,24037000000,839020102213.2,82554757306.735006
ULMPIN_IDR,ULMPIN_MAYBANK_NK_IDR_UL_2022_IF,137,23476999996,761749997836,67153342282.187115
ULMPIN_IDR,ULMPIN_MAYBANK_NK_IDR_UL_2023_IF,23,4294999996,144000000000,9115759871.459154
ULMPIN_USD,ULMPIN_MAYBANK_NK_USD_UL_2020_IF,141,2190050,59053903.004,8426015.37532528
ULMPIN_USD,ULMPIN_MAYBANK_NK_USD_UL_2021_IF,98,1652004,38512559.104,6070830.87329863394416
ULMPIN_USD,ULMPIN_MAYBANK_NK_USD_UL_2022_IF,25,530304,12501872.45,2492404.40439146
ULMPIN_USD,ULMPIN_MAYBANK_NK_USD_UL_2023_IF,5,112000,1900000,278789.4872357
ULMPN2_IDR,ULMPN2_MAYBANK_NK_IDR_UL_2023_IF,54,10870000000,331688305012,23782472135.684383
ULMPN2_IDR,ULMPN2_MAYBANK_NK_IDR_UL_2024_IF,19,2900000000,124000000000,2936549140.83534
ULMPN2_IDR,ULMPN2_MAYBANK_NK_IDR_UL_2025_Q1,1,120000000,5000000000,81318540
ULMPN2_USD,ULMPN2_MAYBANK_NK_USD_UL_2023_IF,9,155000,3420000,352808.26532534
ULMPN2_USD,ULMPN2_MAYBANK_NK_USD_UL_2024_IF,4,51000,1740000,26786
ULMPP__IDR,ULMPP__MAYBANK_NK_IDR_UL_2016_IF,197,11172000996,205940000000,28610986219.210746
ULMPP__IDR,ULMPP__MAYBANK_NK_IDR_UL_2017_IF,477,26554519928,406541000000,76007104648.70972
ULMPP__IDR,ULMPP__MAYBANK_NK_IDR_UL_2018_IF,597,27207899864,471462000000,113390964530.729384
ULMPP__IDR,ULMPP__MAYBANK_NK_IDR_UL_2019_IF,772,35277000024,628070000020,101515975677.615178
ULMPP__IDR,ULMPP__MAYBANK_NK_IDR_UL_2020_IF,653,26635699968,378490000000,86276481740.584431
ULMPP__IDR,ULMPP__MAYBANK_NK_IDR_UL_2021_IF,854,33928307944,437140000000,116503879727.821161
ULMPP__IDR,ULMPP__MAYBANK_NK_IDR_UL_2022_IF,637,27922499936,380794000000,108761580066.64431
ULMPP__IDR,ULMPP__MAYBANK_NK_IDR_UL_2023_IF,78,3718100004,51970000000,5194812678.490746
ULMPP__USD,ULMPP__MAYBANK_NK_USD_UL_2016_IF,13,114996,1330000,309701.94864598512424
ULMPP__USD,ULMPP__MAYBANK_NK_USD_UL_2017_IF,28,160992,1275000,630484.3110412095698
ULMPP__USD,ULMPP__MAYBANK_NK_USD_UL_2018_IF,27,125500,759000,716264.60921639188924
ULMPP__USD,ULMPP__MAYBANK_NK_USD_UL_2019_IF,67,407500,2715000,1543128.52075257700804
ULMPP__USD,ULMPP__MAYBANK_NK_USD_UL_2020_IF,171,671300,4798500,2589578.86936300528216
ULMPP__USD,ULMPP__MAYBANK_NK_USD_UL_2021_IF,290,1090792,7699500,4429853.1727334410958
ULMPP__USD,ULMPP__MAYBANK_NK_USD_UL_2022_IF,40,179800,1200000,711696.49561073
ULMPP__USD,ULMPP__MAYBANK_NK_USD_UL_2023_IF,5,33000,590000,63432.0269056
ULMPP2_IDR,ULMPP2_MAYBANK_NK_IDR_UL_2023_IF,437,20249449980,242925250000,88012918701.87171
ULMPP2_IDR,ULMPP2_MAYBANK_NK_IDR_UL_2024_IF,553,31173754988,320367845448,57639407290.174237
ULMPP2_IDR,ULMPP2_MAYBANK_NK_IDR_UL_2025_Q1,105,4818000000,53523694210,4049497349.655439
ULMPP2_USD,ULMPP2_MAYBANK_NK_USD_UL_2023_IF,31,141796,1437500,397175.78781615
ULMPP2_USD,ULMPP2_MAYBANK_NK_USD_UL_2024_IF,37,237700,1982000,955279.71230704
ULMPP2_USD,ULMPP2_MAYBANK_NK_USD_UL_2025_Q1,7,39600,291000,109464.61221738
ULMPS__IDR,ULMPS__MAYBANK_NK_IDR_UL_2019_IF,421,3747449984,246877820000,6583219197.364346
ULMPS__IDR,ULMPS__MAYBANK_NK_IDR_UL_2020_IF,379,3294193996,224402280000,5559582148.425673
ULMPS__IDR,ULMPS__MAYBANK_NK_IDR_UL_2021_IF,361,3483499968,224278865000,4157853321.158304
ULMPS__IDR,ULMPS__MAYBANK_NK_IDR_UL_2022_IF,327,3497938984,213665700000,2751774404.849456
ULMPS__IDR,ULMPS__MAYBANK_NK_IDR_UL_2023_IF,68,878349996,51794500000,493361260.590056
ULMSU__IDR,ULMSU__MAYBANK_NK_IDR_UL_2021_IF,112,8179000004,251000000000,22596657922.924327
ULMSU__IDR,ULMSU__MAYBANK_NK_IDR_UL_2022_IF,90,6808399996,224200000000,16994311727.752382
ULMSU__USD,ULMSU__MAYBANK_NK_USD_UL_2021_IF,26,195400,5054999.82,877233.17466951
ULMSU__USD,ULMSU__MAYBANK_NK_USD_UL_2022_IF,14,109500,2798000,365144.0065567
ULMSU2_IDR,ULMSU2_MAYBANK_NK_IDR_UL_2022_IF,2,130000000,4000000000,258013845
ULMSU2_IDR,ULMSU2_MAYBANK_NK_IDR_UL_2023_IF,32,2305000000,71000000000,3468076684.704137
ULMSU2_IDR,ULMSU2_MAYBANK_NK_IDR_UL_2024_IF,11,790015000,27125000000,447452177.010483
ULMSU2_IDR,ULMSU2_MAYBANK_NK_IDR_UL_2025_Q1,2,200100000,5002500000,115896300
ULMSU2_USD,ULMSU2_MAYBANK_NK_USD_UL_2022_IF,1,7001,175025,16506
ULMSU2_USD,ULMSU2_MAYBANK_NK_USD_UL_2023_IF,7,54496,1492500,93208.18894367
ULMSU2_USD,ULMSU2_MAYBANK_NK_USD_UL_2024_IF,8,56000,1500000,46583.7799202
ULMSU2_USD,ULMSU2_MAYBANK_NK_USD_UL_2025_Q1,1,6000,160000,3485
ULNHM1_IDR,ULNHM1_DANAMON_NK_IDR_UL_2014_IF,303,3030000000,4545000000,10401027770.299562
ULNHM2_IDR,ULNHM2_DANAMON_NK_IDR_UL_2014_IF,104,1040000000,1560000000,12075517337.630578
ULNHM3_IDR,ULNHM3_DANAMON_NK_IDR_UL_2014_IF,61,610000000,915000000,21104278485.54998
ULOC___IDR,ULOC___HSBC_KT_IDR_UL_2014_IF,46,552000000,828000000,7888028133.714093
ULOC___IDR,ULOC___HSBC_KT_IDR_UL_2015_IF,6,72000000,108000000,2104974157.570776
ULOC___IDR,ULOC___HSBC_KT_IDR_UL_2016_IF,1,12000000,18000000,50000467.239813
ULOC___IDR,ULOC___HSBC_KT_IDR_UL_2017_IF,17,204000000,306000000,5085436434.586487
ULOC___IDR,ULOC___HSBC_KT_IDR_UL_2018_IF,33,484000000,726000000,6825140318.118187
ULOC___IDR,ULOC___HSBC_KT_IDR_UL_2019_IF,77,970000000,1455000000,24390929113.302061
ULOC___IDR,ULOC___HSBC_KT_IDR_UL_2020_IF,44,686000000,1029000000,13711281676.005486
ULOC___IDR,ULOC___HSBC_KT_IDR_UL_2021_IF,43,516000000,774000000,10009154634.33378
ULOC___IDR,ULOC___HSBC_KT_IDR_UL_2022_IF,109,1346000000,2019000000,28016971868.340591
ULOC___IDR,ULOC___HSBC_KT_IDR_UL_2023_IF,5,60000000,90000000,1033611830.64678
ULOC___USD,ULOC___HSBC_KT_USD_UL_2014_IF,13,15600,23400,204381.8773797825544
ULOC___USD,ULOC___HSBC_KT_USD_UL_2017_IF,1,1200,1800,2174.70641232
ULOC___USD,ULOC___HSBC_KT_USD_UL_2018_IF,28,60067,90100.5,723470.917433671435
ULOC___USD,ULOC___HSBC_KT_USD_UL_2019_IF,75,108150,162225,7792424.48360691234824
ULOC___USD,ULOC___HSBC_KT_USD_UL_2020_IF,355,438100,657150,10738284.01007383537972
ULOC___USD,ULOC___HSBC_KT_USD_UL_2021_IF,310,378400,567600,3700734.82639152881336
ULOC___USD,ULOC___HSBC_KT_USD_UL_2022_IF,53,63600,95400,2031952.26137227
ULOC___USD,ULOC___HSBC_KT_USD_UL_2023_IF,53,74980,112470,1141274.15685851
ULPIPX_IDR,ULPIPX_HSBC_KT_IDR_UL_2025_Q1,32,986000000,5105000000,9326870883.832888
ULPIPX_USD,ULPIPX_HSBC_KT_USD_UL_2025_Q1,44,119900,2200000,1035949.55371793
ULPPN__IDR,ULPPN__NISP_NK_IDR_UL_2014_IF,67,356600000,9660000000,4367269118.901207
ULPPNR_IDR,ULPPNR_NISP_NK_IDR_UL_2014_IF,121,614000004,18504000000,5075761191.041948
ULPS___IDR,ULPS___SCB_NK_IDR_UL_2014_IF,253,7005749996,80633500000,22388190728.926005
ULPSR__IDR,ULPSR__SCB_NK_IDR_UL_2014_IF,176,11879200012,85565000000,23542689928.300331
ULRC___IDR,ULRC___HSBC_KT_IDR_UL_2014_IF,3,125000000,1250000000,321384433
ULRCK__IDR,ULRCK__HSBC_KT_IDR_UL_2014_IF,1,100000000,700000000,297777322
ULRPLF_IDR,ULRPLF_AZID_AG_IDR_UL_2023_IF,1255,20187887776,328978468960,7872533926.071045
ULRPLF_IDR,ULRPLF_AZID_AG_IDR_UL_2024_IF,1586,23727642052,401224235120,6187524693.651156
ULRPLF_IDR,ULRPLF_AZID_AG_IDR_UL_2025_Q1,357,4272446000,90610800000,752326132.059665
ULRPLF_IDR,ULRPLF_AZLI_STAFF_AG_IDR_UL_2023_IF,11,144740000,4342000000,105586492.514311
ULRPLF_IDR,ULRPLF_AZLI_STAFF_AG_IDR_UL_2024_IF,7,44360000,1750000000,25547076.713796
ULRPLF_IDR,ULRPLF_EAGLE_AG_IDR_UL_2023_IF,23865,491077937812,6330980133431,67116706116.920034
ULRPLF_IDR,ULRPLF_EAGLE_AG_IDR_UL_2024_IF,30017,601767425988,7233483595812,61895262713.958163
ULRPLF_IDR,ULRPLF_EAGLE_AG_IDR_UL_2025_Q1,4548,85794353588,1042637283408,5803642528.780466
ULRPLF_IDR,ULRPLF_SPRING_AG_IDR_UL_2023_IF,5779,100000770996,1498020783560,19110679499.03896
ULRPLF_IDR,ULRPLF_SPRING_AG_IDR_UL_2024_IF,6497,102058636876,1560983987721,12930677879.696594
ULRPLF_IDR,ULRPLF_SPRING_AG_IDR_UL_2025_Q1,1079,13395529600,252033980000,1277694301.071069
ULRPOA_IDR,ULRPOA_AZID_AG_IDR_UL_2018_IF,894,12552630400,365646588000,15496665078.915971
ULRPOA_IDR,ULRPOA_AZID_AG_IDR_UL_2019_IF,4293,71666216521.6525828,1370300670514,70827943311.628162
ULRPOA_IDR,ULRPOA_AZID_AG_IDR_UL_2020_IF,2452,37891683728.50162988,633673970500,31740020722.603789
ULRPOA_IDR,ULRPOA_EAGLE_AG_IDR_UL_2018_IF,3292,60579012911.90601184,1365417726888,64211473101.735169
ULRPOA_IDR,ULRPOA_EAGLE_AG_IDR_UL_2019_IF,19974,449823657356.477294188,7217751038392.99999998,342160416081.133227
ULRPOA_IDR,ULRPOA_EAGLE_AG_IDR_UL_2020_IF,16628,341819439393.846544128,4501467402150,193298338350.432151
ULRPOA_IDR,ULRPOA_SPRING_AG_IDR_UL_2018_IF,3928,56327129545.54947108,1767412648928,72759162190.713109
ULRPOA_IDR,ULRPOA_SPRING_AG_IDR_UL_2019_IF,18075,323888458139.811380532,6254619218313,282070105010.60044
ULRPOA_IDR,ULRPOA_SPRING_AG_IDR_UL_2020_IF,11973,201740473213.963232596,3133425302501,134848036143.534125
ULRPOAA_IDR,ULRPOAA_AZID_AG_IDR_UL_2020_IF,1957,24784171927.141831468,429112950000,15136773242.889406
ULRPOAA_IDR,ULRPOAA_AZID_AG_IDR_UL_2021_IF,4749,60649206124.73103088,985075775317.00000003,27383870740.045603
ULRPOAA_IDR,ULRPOAA_AZID_AG_IDR_UL_2022_IF,3503,51816690340,852445495123.99999998,12749484232.333999
ULRPOAA_IDR,ULRPOAA_AZID_AG_IDR_UL_2023_IF,705,11058723004,144411400000,1642884517.373167
ULRPOAA_IDR,ULRPOAA_EAGLE_AG_IDR_UL_2020_IF,14834,298519924658.103623944,3844895254349.00000003,142630936221.823643
ULRPOAA_IDR,ULRPOAA_EAGLE_AG_IDR_UL_2021_IF,38880,758408964484.2837389,9483106368426.999999825,221020017683.905135
ULRPOAA_IDR,ULRPOAA_EAGLE_AG_IDR_UL_2022_IF,36737,739430100482.4321722424576,8791777137521.000000015,98468747629.475203
ULRPOAA_IDR,ULRPOAA_EAGLE_AG_IDR_UL_2023_IF,8528,164254256976,1764469352000,18196864965.968979
ULRPOAA_IDR,ULRPOAA_SPRING_AG_IDR_UL_2020_IF,9069,141025931388.16948742,2160550314446.999999993,75162265641.091936
ULRPOAA_IDR,ULRPOAA_SPRING_AG_IDR_UL_2021_IF,21873,332269809494.538886068,4796767605886,114865266434.120198
ULRPOAA_IDR,ULRPOAA_SPRING_AG_IDR_UL_2022_IF,16009,264958449182.80409692,3669475901310,44993030866.415094
ULRPOAA_IDR,ULRPOAA_SPRING_AG_IDR_UL_2023_IF,3157,55485184050,681497750000,6932359528.96832
ULSBA__IDR,ULSBA__AZID_AG_IDR_UL_2014_IF,72,132900000,3641500000,2617526264.836344
ULSBA__IDR,ULSBA__SPRING_AG_IDR_UL_2014_IF,73,163200000,7325000000,1708133104.28757
ULSBAR_IDR,ULSBAR_AZID_AG_IDR_UL_2014_IF,665,1431895560,32877500000,11119466717.653158
ULSBAR_IDR,ULSBAR_SPRING_AG_IDR_UL_2014_IF,150,260340000,11226000001,1461329401.767859
ULSDIP_USD,ULSDIP_SCB_NK_USD_UL_2014_IF,3,225000,450000,65829
ULSEXP_IDR,ULSEXP_SCB_NK_IDR_UL_2014_IF,63,339700000,20073000000,2479949930.248397
ULSFA__IDR,ULSFA__AZID_AG_IDR_UL_2014_IF,1188,6657943580,146100093700,44482511727.086736
ULSFA__IDR,ULSFA__SPRING_AG_IDR_UL_2014_IF,6,32749992,1150000000,401875469.299306
ULSMFP_IDR,ULSMFP_AZID_AG_IDR_UL_2014_IF,117,4989111652,10016375000,4840137182.019948
ULSMFP_IDR,ULSMFP_AZID_AG_IDR_UL_2015_IF,18,632000000,1408750000,619982551.476119
ULSMFP_IDR,ULSMFP_AZID_AG_IDR_UL_2016_IF,12,490000000,1190000000,228324214.333196
ULSMFP_IDR,ULSMFP_AZID_AG_IDR_UL_2017_IF,3,180000000,585000000,29833679.396335
ULSMFP_USD,ULSMFP_AZID_AG_USD_UL_2014_IF,22,302900,509875,221911.7782656
ULSMFP_USD,ULSMFP_AZID_AG_USD_UL_2015_IF,3,5200,6625,61496.3358384
ULSMFP_IDR,ULSMFP_EAGLE_AG_IDR_UL_2015_IF,1,20000000,25000000,18161004
ULSMFP_IDR,ULSMFP_EAGLE_AG_IDR_UL_2016_IF,17,1082750000,2138437500,637067972.661196
ULSMFP_IDR,ULSMFP_EAGLE_AG_IDR_UL_2017_IF,5,94500000,191250000,1749383367.399652
ULSMFP_USD,ULSMFP_EAGLE_AG_USD_UL_2015_IF,1,2500,3125,2728
ULSMFP_USD,ULSMFP_EAGLE_AG_USD_UL_2016_IF,1,1200,1500,9930.66164
ULSMFP_USD,ULSMFP_EAGLE_AG_USD_UL_2017_IF,1,3000,3750,2093
ULSMFP_IDR,ULSMFP_SPRING_AG_IDR_UL_2014_IF,33,1588590000,2180237500,1102558666.70474
ULSMFP_IDR,ULSMFP_SPRING_AG_IDR_UL_2015_IF,7,1340000000,1975000000,522631258
ULSMFP_IDR,ULSMFP_SPRING_AG_IDR_UL_2016_IF,3,424000000,530000000,832383174.518111
ULSMFP_IDR,ULSMFP_SPRING_AG_IDR_UL_2017_IF,2,220000000,275000000,41465986.195367
ULSMFP_USD,ULSMFP_SPRING_AG_USD_UL_2014_IF,10,323500,627375,407928.562542
ULSMFPA_USD,ULSMFPA_SPRING_AG_USD_UL_2021_IF,1,1200,1500,2632.0226104
ULSMP1_IDR,ULSMP1_PERMATA_NK_IDR_UL_2014_IF,156,2400000000,3000000000,25419394754.542468
ULSMP1_IDR,ULSMP1_PERMATA_NK_IDR_UL_2015_IF,3,45000000,56250000,947370831.332136
ULSMP2_IDR,ULSMP2_PERMATA_NK_IDR_UL_2014_IF,4,500000000,625000000,577093355.61796
ULSMP4_IDR,ULSMP4_AZID_AG_IDR_UL_2014_IF,39,780000000,975000000,1803535712.186591
ULSMP4_IDR,ULSMP4_AZID_AG_IDR_UL_2015_IF,1,20000000,25000000,24761031
ULSMP4_IDR,ULSMP4_AZID_AG_IDR_UL_2016_IF,2,40000000,50000000,38963917.158962
ULSMP4_IDR,ULSMP4_AZID_AG_IDR_UL_2017_IF,1,20000000,25000000,16259359
ULSMP4_IDR,ULSMP4_SPRING_AG_IDR_UL_2014_IF,6,120000000,150000000,4032334922.165952
ULSMP4_IDR,ULSMP4_SPRING_AG_IDR_UL_2017_IF,1,20000000,25000000,16550225
ULSMP5_IDR,ULSMP5_AZID_AG_IDR_UL_2014_IF,15,300000000,375000000,2334185363.65327
ULSMP5_IDR,ULSMP5_AZID_AG_IDR_UL_2016_IF,1,20000000,25000000,624623286.270782
ULSMP5_IDR,ULSMP5_SPRING_AG_IDR_UL_2014_IF,2,40000000,50000000,478138364.575095
ULSMP6_IDR,ULSMP6_AZID_AG_IDR_UL_2014_IF,11,220000000,275000000,3088868433.115289
ULSMP6_IDR,ULSMP6_SPRING_AG_IDR_UL_2014_IF,2,40000000,50000000,66998377.82279
ULSMPV_IDR,ULSMPV_BUMIPUTERA_NK_IDR_UL_2014_IF,3,18000000,550000000,92473567.415161
ULSNF2_IDR,ULSNF2_AZID_AG_IDR_UL_2014_IF,1072,5499099987.9988,157986500000,38345023248.418083
ULSNF2_USD,ULSNF2_AZID_AG_USD_UL_2014_IF,18,29121,538500,130616.563498
ULSNF2_IDR,ULSNF2_SPRING_AG_IDR_UL_2014_IF,1527,8686247603.999199999996,435320000000,71205338541.187002
ULSNF2_USD,ULSNF2_SPRING_AG_USD_UL_2014_IF,10,24640,500000,526561.9464236
ULSNFA_IDR,ULSNFA_AZID_AG_IDR_UL_2014_IF,3598,17409236677.96,443388550000,136405342812.094549
ULSNFA_USD,ULSNFA_AZID_AG_USD_UL_2014_IF,56,124350,1815500,912039.535684
ULSNFA_IDR,ULSNFA_EAGLE_AG_IDR_UL_2014_IF,1,12000000,1000000000,154944324.419205
ULSNFA_IDR,ULSNFA_SPRING_AG_IDR_UL_2014_IF,912,5765352763.958400000004,298826800000,46079660276.376645
ULSNFA_USD,ULSNFA_SPRING_AG_USD_UL_2014_IF,6,9100,370000,128010.02185
ULSNFR_IDR,ULSNFR_AZID_AG_IDR_UL_2014_IF,4686,24410729409.84,827573000000,152148068160.142742
ULSNFR_IDR,ULSNFR_AZID_AG_IDR_UL_2015_IF,13,69600000,1947500000,423405156.924411
ULSNFR_IDR,ULSNFR_AZID_AG_IDR_UL_2016_IF,7,26400000,1315000000,151336421.730347
ULSNFR_IDR,ULSNFR_AZID_AG_IDR_UL_2017_IF,10,43800000,1220000000,68392666.509744
ULSNFR_IDR,ULSNFR_AZID_AG_IDR_UL_2018_IF,29,159800000,5175000000,297235022.102326
ULSNFR_IDR,ULSNFR_AZID_AG_IDR_UL_2019_IF,29,156200000,4850000000,209306273.948646
ULSNFR_IDR,ULSNFR_AZID_AG_IDR_UL_2020_IF,9,43200000,1125000000,51526646
ULSNFR_USD,ULSNFR_AZID_AG_USD_UL_2014_IF,74,182677,4048500,1542672.3081304
ULSNFR_USD,ULSNFR_AZID_AG_USD_UL_2015_IF,3,3600,150000,12841.229376
ULSNFR_USD,ULSNFR_AZID_AG_USD_UL_2018_IF,3,11250,450000,182637.0247452
ULSNFR_IDR,ULSNFR_EAGLE_AG_IDR_UL_2014_IF,1,7200000,200000000,177683488.644123
ULSNFR_IDR,ULSNFR_EAGLE_AG_IDR_UL_2015_IF,3,34600000,1170000000,62908583.142905
ULSNFR_IDR,ULSNFR_EAGLE_AG_IDR_UL_2016_IF,24,174000004,9599000000,449218290.309023
ULSNFR_IDR,ULSNFR_EAGLE_AG_IDR_UL_2017_IF,13,73200000,3100000000,124409087.727613
ULSNFR_IDR,ULSNFR_EAGLE_AG_IDR_UL_2018_IF,3,17200000,865000000,75461727.828275
ULSNFR_IDR,ULSNFR_EAGLE_AG_IDR_UL_2019_IF,14,154100000,2587000000,247011289.93405
ULSNFR_IDR,ULSNFR_EAGLE_AG_IDR_UL_2020_IF,32,218300000,5140000000,632278660.656195
ULSNFR_USD,ULSNFR_EAGLE_AG_USD_UL_2015_IF,1,7000,40000,18674.723274
ULSNFR_USD,ULSNFR_EAGLE_AG_USD_UL_2016_IF,6,34625,1595000,53659.5441448
ULSNFR_USD,ULSNFR_EAGLE_AG_USD_UL_2017_IF,7,41200,1520000,586469.0387
ULSNFR_USD,ULSNFR_EAGLE_AG_USD_UL_2018_IF,6,13440,325000,83275.2453916
ULSNFR_USD,ULSNFR_EAGLE_AG_USD_UL_2019_IF,5,14115,405000,107550.4243064
ULSNFR_USD,ULSNFR_EAGLE_AG_USD_UL_2020_IF,1,5160,80000,3403.0491132
ULSNFR_IDR,ULSNFR_SPRING_AG_IDR_UL_2014_IF,7019,38123701516,1720942096000,252595177601.391694
ULSNFR_IDR,ULSNFR_SPRING_AG_IDR_UL_2015_IF,9,42280000,1782000000,204046597.817649
ULSNFR_IDR,ULSNFR_SPRING_AG_IDR_UL_2016_IF,40,121200000,4929500000,303415970.789394
ULSNFR_IDR,ULSNFR_SPRING_AG_IDR_UL_2017_IF,12,68400000,2629000000,143897400.551649
ULSNFR_IDR,ULSNFR_SPRING_AG_IDR_UL_2018_IF,7,52600000,1104000000,69340483.382859
ULSNFR_IDR,ULSNFR_SPRING_AG_IDR_UL_2019_IF,32,121200000,3015000000,305521200.898925
ULSNFR_IDR,ULSNFR_SPRING_AG_IDR_UL_2020_IF,5,24600000,1395000000,35766759.77724
ULSNFR_USD,ULSNFR_SPRING_AG_USD_UL_2014_IF,69,236766,6304000,908283.628414
ULSNFR_USD,ULSNFR_SPRING_AG_USD_UL_2015_IF,4,12100,600000,62231.9859136
ULSNFR_USD,ULSNFR_SPRING_AG_USD_UL_2016_IF,3,13932,330000,41160.686854
ULSNFR_USD,ULSNFR_SPRING_AG_USD_UL_2017_IF,4,9520,300000,72986.8180324
ULSNFR_USD,ULSNFR_SPRING_AG_USD_UL_2018_IF,10,28600,549400,37996.04017
ULSNFR_USD,ULSNFR_SPRING_AG_USD_UL_2019_IF,6,24884,1075120,83354.4614592
ULSNFR_USD,ULSNFR_SPRING_AG_USD_UL_2020_IF,1,1000,50000,20861.334964
ULSNFRA_IDR,ULSNFRA_AZID_AG_IDR_UL_2020_IF,11,171000000,3430000000,2210891958.479423
ULSNFRA_IDR,ULSNFRA_AZID_AG_IDR_UL_2021_IF,7,19600000,634000000,36142903.533985
ULSNFRA_IDR,ULSNFRA_AZID_AG_IDR_UL_2022_IF,13,77600000,2250000000,34938677
ULSNFRA_IDR,ULSNFRA_AZID_AG_IDR_UL_2023_IF,7,46200000,860000000,10629793
ULSNFRA_USD,ULSNFRA_AZID_AG_USD_UL_2020_IF,3,1500,15000,3411
ULSNFRA_USD,ULSNFRA_AZID_AG_USD_UL_2021_IF,3,10200,307000,9551.8171208
ULSNFRA_USD,ULSNFRA_AZID_AG_USD_UL_2023_IF,1,3600,90000,1746
ULSNFRA_IDR,ULSNFRA_EAGLE_AG_IDR_UL_2020_IF,69,819220000,12987200000,2189760040.656805
ULSNFRA_IDR,ULSNFRA_EAGLE_AG_IDR_UL_2021_IF,126,1517498000,26268000000,4634468500.970643
ULSNFRA_IDR,ULSNFRA_EAGLE_AG_IDR_UL_2022_IF,213,2052443996,39029080000,2711310486.834579
ULSNFRA_IDR,ULSNFRA_EAGLE_AG_IDR_UL_2023_IF,23,233600000,3676000000,313474182.009411
ULSNFRA_USD,ULSNFRA_EAGLE_AG_USD_UL_2020_IF,1,3132,50000,2291.5696584
ULSNFRA_USD,ULSNFRA_EAGLE_AG_USD_UL_2021_IF,6,20900,245000,142184.8414568
ULSNFRA_USD,ULSNFRA_EAGLE_AG_USD_UL_2022_IF,6,14132,1150000,22326.4978056
ULSNFRA_IDR,ULSNFRA_SPRING_AG_IDR_UL_2020_IF,4,15600000,550000000,25556419.649876
ULSNFRA_IDR,ULSNFRA_SPRING_AG_IDR_UL_2021_IF,7,27600000,1017600000,29729309.51406
ULSNFRA_IDR,ULSNFRA_SPRING_AG_IDR_UL_2022_IF,11,95700000,2680000000,67189186.562803
ULSNFRA_IDR,ULSNFRA_SPRING_AG_IDR_UL_2023_IF,4,13800000,400000000,7007556.66841
ULSNFRA_USD,ULSNFRA_SPRING_AG_USD_UL_2020_IF,3,3200,168500,30769.9940352
ULSNFRA_USD,ULSNFRA_SPRING_AG_USD_UL_2021_IF,1,1200,80000,1513
ULSNFRA_USD,ULSNFRA_SPRING_AG_USD_UL_2023_IF,2,12000,230000,4553.2487108
ULSNW__IDR,ULSNW__HSBC_KT_IDR_UL_2014_IF,1210,72704441157,759110000000,166176128564.497866
ULSNW__USD,ULSNW__HSBC_KT_USD_UL_2014_IF,45,282000,2745500,1044227.43692534715072
ULSNWK_IDR,ULSNWK_HSBC_KT_IDR_UL_2014_IF,606,39321749948,569666000000,91579232896.682727
ULSNWK_IDR,ULSNWK_HSBC_KT_IDR_UL_2015_IF,404,39009399992,676497000001,72338562004.154849
ULSNWK_IDR,ULSNWK_HSBC_KT_IDR_UL_2016_IF,46,2509000000,50945000000,5054975361.950374
ULSNWK_IDR,ULSNWK_HSBC_KT_IDR_UL_2017_IF,2,100000000,750000000,275125373
ULSNWK_USD,ULSNWK_HSBC_KT_USD_UL_2014_IF,96,685000,7751250,1621159.3679520071276
ULSNWK_USD,ULSNWK_HSBC_KT_USD_UL_2015_IF,54,714000,9084375,1762688.19005602978012
ULSPN1_IDR,ULSPN1_NISP_NK_IDR_UL_2014_IF,42,42240000,1056000000,913848887.006247
ULSPN2_IDR,ULSPN2_NISP_NK_IDR_UL_2014_IF,16,14640000,366000000,906301443.941144
ULSPO1_IDR,ULSPO1_AZID_AG_IDR_UL_2014_IF,3017,16132280792,596062690000,70563337127.216738
ULSPO1_IDR,ULSPO1_AZID_AG_IDR_UL_2015_IF,567,3313135996,127728600000,10013288940.20958
ULSPO1_IDR,ULSPO1_AZID_AG_IDR_UL_2016_IF,463,2718028000,106845700000,8581247019.731341
ULSPO1_IDR,ULSPO1_AZID_AG_IDR_UL_2017_IF,483,3208484000,114498000000,7746293458.547701
ULSPO1_IDR,ULSPO1_AZID_AG_IDR_UL_2018_IF,340,2144430000,77116500000,4920478270.050265
ULSPO1_IDR,ULSPO1_AZID_AG_IDR_UL_2019_IF,29,142800000,3846000000,256100646.159672
ULSPO1_IDR,ULSPO1_EAGLE_AG_IDR_UL_2015_IF,163,1566289000,38297325000,2902428707.993112
ULSPO1_IDR,ULSPO1_EAGLE_AG_IDR_UL_2016_IF,1374,11238267419.62624372,354937440000,24727192824.505483
ULSPO1_IDR,ULSPO1_EAGLE_AG_IDR_UL_2017_IF,1704,14546396592,429311115000,28006677500.30806
ULSPO1_IDR,ULSPO1_EAGLE_AG_IDR_UL_2018_IF,1457,12998530738.256294264,373376660500,18558275111.609154
ULSPO1_IDR,ULSPO1_EAGLE_AG_IDR_UL_2019_IF,95,814096000,25307000000,967295178.978013
ULSPO1_IDR,ULSPO1_SPRING_AG_IDR_UL_2014_IF,6980,41750939004,1959319185000,168737854946.436952
ULSPO1_IDR,ULSPO1_SPRING_AG_IDR_UL_2015_IF,2020,12654790956,623572867500,40293900667.980439
ULSPO1_IDR,ULSPO1_SPRING_AG_IDR_UL_2016_IF,1944,13137189232,589580177503,35868996993.753758
ULSPO1_IDR,ULSPO1_SPRING_AG_IDR_UL_2017_IF,1985,13816595480,581761627001,31999087664.417009
ULSPO1_IDR,ULSPO1_SPRING_AG_IDR_UL_2018_IF,1425,9923039039.718526216,402940930000,19519617587.19215
ULSPO1_IDR,ULSPO1_SPRING_AG_IDR_UL_2019_IF,85,656284000,25157900000,1755015013.378776
ULSPO2_IDR,ULSPO2_AZID_AG_IDR_UL_2014_IF,2799,18451564158,729581700000,64059155131.079636
ULSPO2_IDR,ULSPO2_AZID_AG_IDR_UL_2015_IF,632,4569563596,194508600000,11709484458.463202
ULSPO2_IDR,ULSPO2_AZID_AG_IDR_UL_2016_IF,470,3352811864,142072000000,7449271116.862056
ULSPO2_IDR,ULSPO2_AZID_AG_IDR_UL_2017_IF,512,3696707504,154513040000,7468133986.880247
ULSPO2_IDR,ULSPO2_AZID_AG_IDR_UL_2018_IF,340,3102528952,106686410000,4947712827.783144
ULSPO2_IDR,ULSPO2_AZID_AG_IDR_UL_2019_IF,30,259650000,7636000000,443287564.718202
ULSPO2_IDR,ULSPO2_EAGLE_AG_IDR_UL_2014_IF,1,3600000,100000000,14683834
ULSPO2_IDR,ULSPO2_EAGLE_AG_IDR_UL_2015_IF,118,1353672000,44163800000,2135500988.899876
ULSPO2_IDR,ULSPO2_EAGLE_AG_IDR_UL_2016_IF,1092,12137597916,404045400000,22593728366.482842
ULSPO2_IDR,ULSPO2_EAGLE_AG_IDR_UL_2017_IF,1519,17011155730.742850204,525700560000,26625320153.924358
ULSPO2_IDR,ULSPO2_EAGLE_AG_IDR_UL_2018_IF,1537,16646863821.00968916,470141870000,22467843783.818788
ULSPO2_IDR,ULSPO2_EAGLE_AG_IDR_UL_2019_IF,76,724092000,18459800000,754472069.532976
ULSPO2_IDR,ULSPO2_SPRING_AG_IDR_UL_2014_IF,9998,67558619655.00843992,3772529130002,202854369193.399378
ULSPO2_IDR,ULSPO2_SPRING_AG_IDR_UL_2015_IF,2317,16753383446.70275876,935486020000,41350627166.095626
ULSPO2_IDR,ULSPO2_SPRING_AG_IDR_UL_2016_IF,2095,16206029627.32953228,866110170000,34159087507.950771
ULSPO2_IDR,ULSPO2_SPRING_AG_IDR_UL_2017_IF,2264,18437544095.80145176,902553360001,33636495208.97199
ULSPO2_IDR,ULSPO2_SPRING_AG_IDR_UL_2018_IF,1564,13762865300,634996360000,21289862110.770121
ULSPO2_IDR,ULSPO2_SPRING_AG_IDR_UL_2019_IF,93,751052000,32318000000,943747602.579115
ULSPO3_IDR,ULSPO3_AZID_AG_IDR_UL_2014_IF,2080,13527674984,588786000000,43567497483.226511
ULSPO3_IDR,ULSPO3_AZID_AG_IDR_UL_2015_IF,387,2836894900,126986000000,6528125194.696428
ULSPO3_IDR,ULSPO3_AZID_AG_IDR_UL_2016_IF,283,2117212368,105148000000,4049633165.974916
ULSPO3_IDR,ULSPO3_AZID_AG_IDR_UL_2017_IF,297,2607084296,100211000000,5311105339.160239
ULSPO3_IDR,ULSPO3_AZID_AG_IDR_UL_2018_IF,228,2280407416,80100000000,4309554799.683535
ULSPO3_IDR,ULSPO3_AZID_AG_IDR_UL_2019_IF,13,119200000,3840000000,267821952.902688
ULSPO3_IDR,ULSPO3_EAGLE_AG_IDR_UL_2015_IF,119,1445178000,52138500000,2862809664.873756
ULSPO3_IDR,ULSPO3_EAGLE_AG_IDR_UL_2016_IF,943,11824575769.55606388,437508650003,19136789618.693639
ULSPO3_IDR,ULSPO3_EAGLE_AG_IDR_UL_2017_IF,1152,14769278156.76678532,518528640000,22260105846.534269
ULSPO3_IDR,ULSPO3_EAGLE_AG_IDR_UL_2018_IF,1117,13624022658.322487808,439733960000,16729316128.146301
ULSPO3_IDR,ULSPO3_EAGLE_AG_IDR_UL_2019_IF,55,593276000,17988000000,646151663.887878
ULSPO3_IDR,ULSPO3_SPRING_AG_IDR_UL_2014_IF,7939,61463812192,3313000914000,164782626993.678216
ULSPO3_IDR,ULSPO3_SPRING_AG_IDR_UL_2015_IF,1914,16879480986.99835628,896632720000,38343492356.220538
ULSPO3_IDR,ULSPO3_SPRING_AG_IDR_UL_2016_IF,1721,15986400482.28061776,862811105000,33415530963.147477
ULSPO3_IDR,ULSPO3_SPRING_AG_IDR_UL_2017_IF,1736,16723108602.3917634,793382700050,29314629805.300739
ULSPO3_IDR,ULSPO3_SPRING_AG_IDR_UL_2018_IF,1188,11291481984,535601360000,16735587238.563473
ULSPO3_IDR,ULSPO3_SPRING_AG_IDR_UL_2019_IF,52,542328000,24080000000,674248886.217497
ULSPO4_IDR,ULSPO4_AZID_AG_IDR_UL_2014_IF,2518,19673251785.65456924,837320471684,62635905453.657239
ULSPO4_IDR,ULSPO4_AZID_AG_IDR_UL_2015_IF,500,4947522780,190202000000,12406220333.473785
ULSPO4_IDR,ULSPO4_AZID_AG_IDR_UL_2016_IF,389,3739315996,158799950000,8557858497.042237
ULSPO4_IDR,ULSPO4_AZID_AG_IDR_UL_2017_IF,423,3969694408,154580450000,8190369984.175988
ULSPO4_IDR,ULSPO4_AZID_AG_IDR_UL_2018_IF,243,2521472000,88523040000,4358785358.089905
ULSPO4_IDR,ULSPO4_AZID_AG_IDR_UL_2019_IF,20,148852000,3800000000,314303302.633081
ULSPO4_IDR,ULSPO4_EAGLE_AG_IDR_UL_2014_IF,2,55200000,2000000000,8606658.874309
ULSPO4_IDR,ULSPO4_EAGLE_AG_IDR_UL_2015_IF,120,2154666000,63650600000,3016807131.100994
ULSPO4_IDR,ULSPO4_EAGLE_AG_IDR_UL_2016_IF,1110,16097904483.69689952,633876990000,27626543816.374929
ULSPO4_IDR,ULSPO4_EAGLE_AG_IDR_UL_2017_IF,1438,19644544488.59327284,705212397000,27488218261.336707
ULSPO4_IDR,ULSPO4_EAGLE_AG_IDR_UL_2018_IF,1313,17210192067.76025888,570423540000,21609041900.39242
ULSPO4_IDR,ULSPO4_EAGLE_AG_IDR_UL_2019_IF,80,893444000,24219000000,790893572.561405
ULSPO4_IDR,ULSPO4_SPRING_AG_IDR_UL_2014_IF,8160,75296798840,3595662310910,192246585374.869532
ULSPO4_IDR,ULSPO4_SPRING_AG_IDR_UL_2015_IF,2113,21703150364.72737432,1051528250000,49655038141.273295
ULSPO4_IDR,ULSPO4_SPRING_AG_IDR_UL_2016_IF,2116,22541013609.26731508,1091252260000,44392403602.664695
ULSPO4_IDR,ULSPO4_SPRING_AG_IDR_UL_2017_IF,2101,22841034274.53562776,1032173820000,39989371292.857977
ULSPO4_IDR,ULSPO4_SPRING_AG_IDR_UL_2018_IF,1477,16085691536.0638226,681355130000,24616900559.378318
ULSPO4_IDR,ULSPO4_SPRING_AG_IDR_UL_2019_IF,68,557304000,23675000000,682083230.07494
ULSPO4A_IDR,ULSPO4A_SPRING_AG_IDR_UL_2022_IF,1,11700000,20000000,286770
ULSPO5_IDR,ULSPO5_AZID_AG_IDR_UL_2014_IF,2725,24560013670,869187200000,67420868781.631085
ULSPO5_IDR,ULSPO5_AZID_AG_IDR_UL_2015_IF,457,5019800000,165168000000,11246788608.458165
ULSPO5_IDR,ULSPO5_AZID_AG_IDR_UL_2016_IF,403,4414867372,161761500000,8330609924.188371
ULSPO5_IDR,ULSPO5_AZID_AG_IDR_UL_2017_IF,408,4981132004,168809500000,8757215843.439363
ULSPO5_IDR,ULSPO5_AZID_AG_IDR_UL_2018_IF,336,4558424216,155777280000,8033926961.904376
ULSPO5_IDR,ULSPO5_AZID_AG_IDR_UL_2019_IF,17,177360000,3815000000,254645185.877691
ULSPO5_IDR,ULSPO5_EAGLE_AG_IDR_UL_2014_IF,3,70883987.0160828,1735000000,80736977.857324
ULSPO5_IDR,ULSPO5_EAGLE_AG_IDR_UL_2015_IF,107,1988682000,56385000000,3596136743.642089
ULSPO5_IDR,ULSPO5_EAGLE_AG_IDR_UL_2016_IF,1033,17775525012,599281600000,26558385120.181232
ULSPO5_IDR,ULSPO5_EAGLE_AG_IDR_UL_2017_IF,1387,23917110050.45227028,718838525000,33607321567.921497
ULSPO5_IDR,ULSPO5_EAGLE_AG_IDR_UL_2018_IF,1282,19897677990.20444664,614416140000,24770560070.342187
ULSPO5_IDR,ULSPO5_EAGLE_AG_IDR_UL_2019_IF,81,1236054324,47781400000,1702422938.863449
ULSPO5_IDR,ULSPO5_SPRING_AG_IDR_UL_2014_IF,7083,84258514500,3168835604002,203303193278.336158
ULSPO5_IDR,ULSPO5_SPRING_AG_IDR_UL_2015_IF,1872,24345892080,963632800000,49110827676.495609
ULSPO5_IDR,ULSPO5_SPRING_AG_IDR_UL_2016_IF,1890,24109092559.54654468,972820120000,46741112864.013689
ULSPO5_IDR,ULSPO5_SPRING_AG_IDR_UL_2017_IF,2000,26471032708,914131540001,45006512510.319612
ULSPO5_IDR,ULSPO5_SPRING_AG_IDR_UL_2018_IF,1403,18001521984,625388000000,25707382976.38689
ULSPO5_IDR,ULSPO5_SPRING_AG_IDR_UL_2019_IF,61,675016000,18870000000,860670378.590107
ULSPO6_IDR,ULSPO6_AZID_AG_IDR_UL_2014_IF,4513,60923709096.07126492,1609496500022,124569395495.865645
ULSPO6_IDR,ULSPO6_AZID_AG_IDR_UL_2015_IF,864,10922753992,264996750000,22221421273.599467
ULSPO6_IDR,ULSPO6_AZID_AG_IDR_UL_2016_IF,775,10847647984,300076550000,21005533488.721189
ULSPO6_IDR,ULSPO6_AZID_AG_IDR_UL_2017_IF,781,11562487616.93677484,298615500000,20117930377.172967
ULSPO6_IDR,ULSPO6_AZID_AG_IDR_UL_2018_IF,573,7640961444,165746499870,12217593585.408015
ULSPO6_IDR,ULSPO6_AZID_AG_IDR_UL_2019_IF,41,377420000,8688000000,736497440.475453
ULSPO6_IDR,ULSPO6_EAGLE_AG_IDR_UL_2014_IF,1,6000000,200000000,25510090.97894
ULSPO6_IDR,ULSPO6_EAGLE_AG_IDR_UL_2015_IF,159,3822876000,69457200000,6211831096.345129
ULSPO6_IDR,ULSPO6_EAGLE_AG_IDR_UL_2016_IF,1488,29598957489.29436232,713035640006,45128575793.115456
ULSPO6_IDR,ULSPO6_EAGLE_AG_IDR_UL_2017_IF,1883,38487508019.99875392,829433686226,50784118403.057579
ULSPO6_IDR,ULSPO6_EAGLE_AG_IDR_UL_2018_IF,1612,30816656680,636062469000,37949925116.781522
ULSPO6_IDR,ULSPO6_EAGLE_AG_IDR_UL_2019_IF,104,1491224000,34254600000,1351982704.66236
ULSPO6_IDR,ULSPO6_SPRING_AG_IDR_UL_2014_IF,9170,135389408084,3611082903000,277435770296.762926
ULSPO6_IDR,ULSPO6_SPRING_AG_IDR_UL_2015_IF,2328,36500716856,982949468000,69880062017.305005
ULSPO6_IDR,ULSPO6_SPRING_AG_IDR_UL_2016_IF,2497,40119892687.15724432,1170438183000,73500174474.224633
ULSPO6_IDR,ULSPO6_SPRING_AG_IDR_UL_2017_IF,2721,45542175317.06293928,1099621580001,70325525719.027123
ULSPO6_IDR,ULSPO6_SPRING_AG_IDR_UL_2018_IF,2087,32189774877.32426944,770389000008,44318678919.926354
ULSPO6_IDR,ULSPO6_SPRING_AG_IDR_UL_2019_IF,129,1483626000,31348120000,1766222150.919101
ULSPO6A_IDR,ULSPO6A_SPRING_AG_IDR_UL_2021_IF,2,66084000,600000000,24148897.864635
ULSPO7_IDR,ULSPO7_AZID_AG_IDR_UL_2014_IF,3042,42288017624,587604235000,75724646476.570904
ULSPO7_IDR,ULSPO7_AZID_AG_IDR_UL_2015_IF,810,9313516000,132587950000,16536758069.999442
ULSPO7_IDR,ULSPO7_AZID_AG_IDR_UL_2016_IF,939,12574566000,209373600020,18079485154.635248
ULSPO7_IDR,ULSPO7_AZID_AG_IDR_UL_2017_IF,975,10880566008,142746600000,16167845305.488549
ULSPO7_IDR,ULSPO7_AZID_AG_IDR_UL_2018_IF,806,8572908001,111602596960,12768595919.893191
ULSPO7_IDR,ULSPO7_AZID_AG_IDR_UL_2019_IF,25,336984000,4170000000,386658162.132085
ULSPO7_IDR,ULSPO7_EAGLE_AG_IDR_UL_2014_IF,1,12000000,150000000,45501392
ULSPO7_IDR,ULSPO7_EAGLE_AG_IDR_UL_2015_IF,130,2792752000,27173000000,3685687491.225989
ULSPO7_IDR,ULSPO7_EAGLE_AG_IDR_UL_2016_IF,1184,23617250781.73279148,289691780022,34965823594.924083
ULSPO7_IDR,ULSPO7_EAGLE_AG_IDR_UL_2017_IF,1690,36406394616,376936560000,43348214434.656189
ULSPO7_IDR,ULSPO7_EAGLE_AG_IDR_UL_2018_IF,1733,35065687617.97145408,343559272000,35101370697.736965
ULSPO7_IDR,ULSPO7_EAGLE_AG_IDR_UL_2019_IF,137,2113776000,17145800000,2214529101.005824
ULSPO7_IDR,ULSPO7_SPRING_AG_IDR_UL_2014_IF,6465,98259041896,1472626944002,162765573659.842606
ULSPO7_IDR,ULSPO7_SPRING_AG_IDR_UL_2015_IF,1782,28732301508,415019429000,48419706600.584138
ULSPO7_IDR,ULSPO7_SPRING_AG_IDR_UL_2016_IF,2281,31336306822,488959070000,46837971088.886121
ULSPO7_IDR,ULSPO7_SPRING_AG_IDR_UL_2017_IF,3009,40615245250,560720230000,54394211566.644626
ULSPO7_IDR,ULSPO7_SPRING_AG_IDR_UL_2018_IF,2681,33763148262,480655659200,42119749328.048669
ULSPO7_IDR,ULSPO7_SPRING_AG_IDR_UL_2019_IF,244,2249260000,33348300000,2536328359.670924
ULSPO7A_IDR,ULSPO7A_AZID_AG_IDR_UL_2021_IF,1,12000000,200000000,5819103
ULSPP__IDR,ULSPP__SCB_NK_IDR_UL_2014_IF,315,4977100003.9992,109805000000,24909999385.048025
ULSPP__USD,ULSPP__SCB_NK_USD_UL_2014_IF,23,69700,903500,163479.9394276
ULSPPR_IDR,ULSPPR_SCB_NK_IDR_UL_2014_IF,122,2761308004,69415000000,10402212285.388514
ULSPPR_USD,ULSPPR_SCB_NK_USD_UL_2014_IF,13,32750,665000,156142.741174
ULSS___IDR,ULSS___PERMATA_NK_IDR_UL_2014_IF,176,761559996,24321000000,7873781297.997171
ULSS___USD,ULSS___PERMATA_NK_USD_UL_2014_IF,3,2700,45000,34586.8108024
ULSSA__IDR,ULSSA__AZID_AG_IDR_UL_2014_IF,78,885112008.08,39300000000,5603125884.859913
ULSSA2_IDR,ULSSA2_AZID_AG_IDR_UL_2014_IF,357,2242492000,123622800000,7568244631.040076
ULSSA2_IDR,ULSSA2_AZID_AG_IDR_UL_2015_IF,125,912760000,46284000000,3287249310.923282
ULSSA2_IDR,ULSSA2_AZID_AG_IDR_UL_2016_IF,81,656480000,36117850000,1681192896.433995
ULSSA2_IDR,ULSSA2_AZID_AG_IDR_UL_2017_IF,69,489540000,29062000000,1050907164.900336
ULSSA2_IDR,ULSSA2_AZID_AG_IDR_UL_2018_IF,62,526999992,32985000000,1119390319.569053
ULSSA2_IDR,ULSSA2_AZID_AG_IDR_UL_2019_IF,89,751200000,33620000000,2398860660.485596
ULSSA2_IDR,ULSSA2_AZID_AG_IDR_UL_2020_IF,10,122400000,5432000000,174155566.266129
ULSSA2A_IDR,ULSSA2A_AZID_AG_IDR_UL_2020_IF,4,21600000,1375000000,29593944.141394
ULSSA2A_IDR,ULSSA2A_AZID_AG_IDR_UL_2021_IF,26,161700000,8881000000,216078703.777504
ULSSA2A_IDR,ULSSA2A_AZID_AG_IDR_UL_2022_IF,35,520400000,20075000000,750206753.170103
ULSSA2A_IDR,ULSSA2A_AZID_AG_IDR_UL_2023_IF,11,47000000,2405000000,51869473.067385
ULSSP__IDR,ULSSP__PERMATA_NK_IDR_UL_2014_IF,103,4521000000,37075000000,12640180771.586623
ULSSP1_IDR,ULSSP1_ANZ_NK_IDR_UL_2016_IF,63,4293000000,38290000000,9460239589.115091
ULSSP2_IDR,ULSSP2_ANZ_NK_IDR_UL_2017_IF,25,1805000000,17750000000,4556771075.524407
ULSSP2_IDR,ULSSP2_ANZ_NK_IDR_UL_2018_IF,1,25000000,125000000,104200992
ULSSPR_IDR,ULSSPR_PERMATA_NK_IDR_UL_2014_IF,47,1900000000,17900000000,6851493656
ULSSR__IDR,ULSSR__PERMATA_NK_IDR_UL_2014_IF,2100,10942799984,314414200040,95950486652.801127
ULSSR__USD,ULSSR__PERMATA_NK_USD_UL_2014_IF,14,13650,462000,210324.6436604
ULSUS__IDR,ULSUS__SCB_NK_IDR_UL_2014_IF,1482,70498872680,993264999999,121722167827.88325
ULSUS__IDR,ULSUS__SCB_NK_IDR_UL_2015_IF,1,50000000,500000000,59310527
ULSVM1_IDR,ULSVM1_CITIBANK_NK_IDR_UL_2014_IF,16,320000000,900000000,771251276.539551
ULSVM2_IDR,ULSVM2_CITIBANK_NK_IDR_UL_2014_IF,16,320000000,1450000000,1533572695.544925
ULSVM3_IDR,ULSVM3_CITIBANK_NK_IDR_UL_2014_IF,7,140000000,500000000,1860261009.795811
ULSVP__IDR,ULSVP__CITIBANK_NK_IDR_UL_2014_IF,165,11889999996,146175000000,25952044102.870743
ULUML__IDR,ULUML__PERMATA_NK_IDR_UL_2014_IF,3,600000000,750000000,1000037145
ULWPL2_IDR,ULWPL2_NISP_NK_IDR_UL_2023_IF,18,3139999996,93000000000,6351234293.755222
ULWPL2_IDR,ULWPL2_NISP_NK_IDR_UL_2024_IF,14,2175000000,75046735522,1700496962
ULWPL2_USD,ULWPL2_NISP_NK_USD_UL_2023_IF,9,195400,3846000,442121.4686567
ULWPL2_USD,ULWPL2_NISP_NK_USD_UL_2024_IF,9,147000,3420000,106900.20661931
ULWPL2_IDR,ULWPL2_QNB_NK_IDR_UL_2023_IF,5,890000000,34000000000,1061364726
ULWPL2_IDR,ULWPL2_QNB_NK_IDR_UL_2024_IF,8,1017000000,43000000000,652398322.956151
ULWPL2_IDR,ULWPL2_QNB_NK_IDR_UL_2025_Q1,1,120000000,5000000000,82319270
ULWPL2_USD,ULWPL2_QNB_NK_USD_UL_2024_IF,5,60000,1900000,38079
ULWPL2_USD,ULWPL2_QNB_NK_USD_UL_2025_Q1,2,24000,760000,16706
ULWPR2_IDR,ULWPR2_BCI_NK_IDR_UL_2023_IF,7,243000000,5675000000,370077859.684361
ULWPR2_IDR,ULWPR2_BCI_NK_IDR_UL_2024_IF,9,329000000,2185000000,960759705.50484
ULWPR2_IDR,ULWPR2_BCI_NK_IDR_UL_2025_Q1,3,72000000,800000000,37978363
ULWPR2_IDR,ULWPR2_HANA_NK_IDR_UL_2023_IF,5,260000000,2050000000,210247326
ULWPR2_IDR,ULWPR2_HANA_NK_IDR_UL_2024_IF,58,2536000000,61040000000,73923429921.910784
ULWPR2_IDR,ULWPR2_HANA_NK_IDR_UL_2025_Q1,6,345000000,4250000000,18291362551.156591
ULWPR2_USD,ULWPR2_HANA_NK_USD_UL_2023_IF,1,3500,75000,3379
ULWPR2_USD,ULWPR2_HANA_NK_USD_UL_2024_IF,11,53700,981500,139035.81691488
ULWPR2_IDR,ULWPR2_QNB_NK_IDR_UL_2023_IF,24,1619999996,23000000000,3434618119.528024
ULWPR2_IDR,ULWPR2_QNB_NK_IDR_UL_2024_IF,5,295000000,1475000000,370897284.588659
ULWPR2_IDR,ULWPR2_QNB_NK_IDR_UL_2025_Q1,1,45000000,300000000,25611537
ULWPR2_USD,ULWPR2_QNB_NK_USD_UL_2023_IF,1,2500,50000,2634
ULWPR2_USD,ULWPR2_QNB_NK_USD_UL_2024_IF,2,8300,81000,27689.25118945
ULWPR2_IDR,ULWPR2_VICTORIA_NK_IDR_UL_2023_IF,8,555000000,7750000000,589124746
ULWPR2_IDR,ULWPR2_VICTORIA_NK_IDR_UL_2024_IF,4,525000000,3500000000,219512043
ULWSL__IDR,ULWSL__BCI_NK_IDR_UL_2025_Q1,1,80000000,2000000000,44204238
ULWSL__USD,ULWSL__BJB_NK_USD_UL_2024_IF,1,19250,481250,9885
UVSG1__USD,UVSG1__PERMATA_NK_USD_PI_2014_IF,4,200690.75,1225000,223674
UVSG1__USD,UVSG1__SCB_NK_USD_PI_2014_IF,1,72885,300000,86735
UVSG2__USD,UVSG2__PERMATA_NK_USD_PI_2014_IF,5,797338,1600000,920893
UVSG2__USD,UVSG2__SCB_NK_USD_PI_2014_IF,40,8756184.64,19280000,10867668
UVSG2__USD,UVSG2__SCB_NK_USD_PI_2015_IF,1,187713,300000,209039
UVSG2__USD,UVSG2__SCB_NK_USD_PI_2016_IF,1,145470,300000,166631
_IDR,ULGALLOC_AZID_AG_IDR_GS_2014_IF,4059,19501319967.195,13108000000,89403480982.310882325
_IDR,ULGALLOC_AZID_AG_IDR_GS_2019_IF,5,240000000,5000000,459001010.71
_IDR,ULGALLOC_AZID_AG_IDR_GS_2020_IF,529,6396404520,538000000,8341599027.8777
_IDR,ULGALLOC_AZID_AG_IDR_GS_2021_IF,5,1783848000,75000000,6139844286.9
_USD,ULGALLOC_AZID_AG_USD_GS_2014_IF,7,33273,2450,21741.4937717
_IDR,ULSPOOL_AZID_AG_IDR_GS_2014_IF,53,2810272603.268278454,251000000,4163051134.140370042
_IDR,ULSPOOL_AZID_AG_IDR_GS_2015_IF,2,843639.9497,10000000,104425073.634
_IDR,ULSPOOL_AZID_AG_IDR_GS_2016_IF,3,3348415.35004,17500000,3360004.8842
_IDR,ULSPOOL_AZID_AG_IDR_GS_2018_IF,2,5714285.714,10000000,93802940.89
_IDR,ULSPOOL_AZID_AG_IDR_GS_2019_IF,8,277629410.57,40000000,283631704.55768
_IDR,ULSPOOL_AZID_AG_IDR_GS_2020_IF,5,73030228.392,25000000,267023050.84
_IDR,ULSPOOL_AZID_AG_IDR_GS_2021_IF,4,10165004.1624,22500000,29293271.2742
